;EXPER-FINAL-ALTERNATIVO-1-50000-LARS2019-LRTA - MAPA;

Max Interval - Mean
;1;4;7;10;13;16;
RSearch-NCount;1.486,000000;530,000000;463,400000;498,200000;457,400000;460,600000;
RSearch-Vaw;836,800000;885,600000;948,200000;861,000000;736,800000;742,200000;
RSearch-LRTA*-unit;1.706,200000;520,800000;337,800000;267,800000;231,000000;196,000000;
RSearch-Full-LRTA*;1.318,200000;540,000000;411,800000;358,800000;329,400000;315,000000;
RSearch-w-NC(No,+,No);3.106,400000;926,400000;625,400000;504,600000;429,000000;435,000000;
RSearch-w-NC(No,+,Unit);50.000,000000;50.000,000000;50.000,000000;50.000,000000;50.000,000000;50.000,000000;
RSearch-w-NC(No,+,Pmin);38.195,200000;38.872,200000;37.074,400000;38.774,600000;32.686,000000;37.012,600000;
RSearch-w-NC(No,+,Dmin);3.106,400000;926,400000;625,400000;504,600000;429,000000;435,000000;
RSearch-w-NC(Unit,+,No);1.174,400000;591,600000;635,600000;622,200000;656,000000;821,200000;
RSearch-w-NC(Unit,+,Unit);1.536,400000;625,200000;527,600000;477,400000;500,000000;373,800000;
RSearch-w-NC(Unit,+,Pmin);15.561,400000;16.879,400000;15.643,200000;14.517,400000;15.793,800000;14.720,800000;
RSearch-w-NC(Unit,+,Dmin);1.174,400000;591,600000;635,600000;622,200000;656,000000;821,200000;
RSearch-w-NC(Pmin,+,No);1.165,600000;678,600000;750,400000;697,200000;769,000000;756,000000;
RSearch-w-NC(Pmin,+,Unit);50.000,000000;50.000,000000;49.996,400000;46.771,200000;46.586,000000;49.994,600000;
RSearch-w-NC(Pmin,+,Pmin);26.490,400000;22.406,400000;24.026,200000;27.842,800000;24.091,800000;26.667,400000;
RSearch-w-NC(Pmin,+,Dmin);1.287,800000;689,200000;722,200000;700,600000;747,800000;781,400000;
RSearch-w-NC(Dmin,+,No);3.106,400000;926,400000;625,400000;504,600000;429,000000;435,000000;
RSearch-w-NC(Dmin,+,Unit);50.000,000000;50.000,000000;50.000,000000;50.000,000000;50.000,000000;50.000,000000;
RSearch-w-NC(Dmin,+,Pmin);38.321,000000;40.178,800000;35.403,000000;35.603,200000;31.868,000000;33.842,200000;
RSearch-w-NC(Dmin,+,Dmin);3.106,400000;926,400000;625,400000;504,600000;429,000000;435,000000;
RSearch-w-NC(No,x,No);24.278,200000;28.925,200000;25.376,200000;27.966,800000;26.578,600000;27.256,000000;
RSearch-w-NC(No,x,Unit);1.502,600000;519,400000;423,000000;384,600000;350,400000;369,200000;
RSearch-w-NC(No,x,Pmin);24.041,600000;26.161,200000;21.978,400000;26.449,600000;26.218,200000;26.694,800000;
RSearch-w-NC(No,x,Dmin);1.332,800000;721,400000;729,000000;841,000000;753,400000;843,600000;
RSearch-w-NC(Unit,x,No);50.000,000000;50.000,000000;50.000,000000;50.000,000000;50.000,000000;50.000,000000;
RSearch-w-NC(Unit,x,Unit);1.772,200000;526,000000;327,200000;240,200000;193,800000;159,000000;
RSearch-w-NC(Unit,x,Pmin);50.000,000000;50.000,000000;50.000,000000;50.000,000000;50.000,000000;50.000,000000;
RSearch-w-NC(Unit,x,Dmin);50.000,000000;50.000,000000;50.000,000000;50.000,000000;50.000,000000;50.000,000000;
RSearch-w-NC(Pmin,x,No);24.170,000000;28.262,400000;25.364,800000;23.809,000000;26.459,800000;29.057,400000;
RSearch-w-NC(Pmin,x,Unit);1.502,600000;519,400000;423,000000;384,600000;350,400000;369,200000;
RSearch-w-NC(Pmin,x,Pmin);25.098,600000;22.997,000000;25.380,600000;25.493,600000;26.315,600000;26.037,800000;
RSearch-w-NC(Pmin,x,Dmin);1.332,800000;721,400000;729,000000;841,000000;753,400000;843,600000;
RSearch-w-NC(Dmin,x,No);41.890,600000;41.300,000000;37.842,800000;33.271,000000;32.837,800000;34.454,600000;
RSearch-w-NC(Dmin,x,Unit);1.502,600000;519,400000;423,000000;384,600000;350,400000;369,200000;
RSearch-w-NC(Dmin,x,Pmin);41.900,800000;36.694,000000;38.916,600000;32.650,000000;35.588,200000;30.606,200000;
RSearch-w-NC(Dmin,x,Dmin);3.138,800000;918,200000;633,400000;522,800000;516,600000;536,600000;
RSearch-w-Vaw(No,+,No);756,000000;754,800000;898,000000;792,600000;930,200000;800,400000;
RSearch-w-Vaw(No,+,Unit);50.000,000000;50.000,000000;50.000,000000;50.000,000000;50.000,000000;50.000,000000;
RSearch-w-Vaw(No,+,Pmin);45.147,200000;44.610,800000;41.726,200000;40.000,600000;43.252,400000;39.351,800000;
RSearch-w-Vaw(No,+,Dmin);756,000000;754,800000;898,000000;792,600000;930,200000;800,400000;
RSearch-w-Vaw(Unit,+,No);682,400000;861,400000;756,200000;901,000000;737,400000;826,800000;
RSearch-w-Vaw(Unit,+,Unit);2.814,000000;1.126,600000;665,600000;517,200000;456,600000;411,400000;
RSearch-w-Vaw(Unit,+,Pmin);32.498,400000;29.671,800000;28.070,600000;25.409,200000;27.281,200000;27.873,600000;
RSearch-w-Vaw(Unit,+,Dmin);682,400000;861,400000;756,200000;901,000000;737,400000;826,800000;
RSearch-w-Vaw(Pmin,+,No);690,000000;702,600000;788,400000;780,600000;849,200000;892,000000;
RSearch-w-Vaw(Pmin,+,Unit);50.000,000000;50.000,000000;49.817,600000;49.994,000000;47.998,800000;49.978,600000;
RSearch-w-Vaw(Pmin,+,Pmin);38.851,800000;38.481,800000;32.485,600000;31.791,800000;30.626,800000;26.300,000000;
RSearch-w-Vaw(Pmin,+,Dmin);690,000000;710,800000;788,400000;813,800000;849,200000;892,000000;
RSearch-w-Vaw(Dmin,+,No);756,000000;754,800000;898,000000;792,600000;930,200000;800,400000;
RSearch-w-Vaw(Dmin,+,Unit);50.000,000000;50.000,000000;50.000,000000;50.000,000000;50.000,000000;50.000,000000;
RSearch-w-Vaw(Dmin,+,Pmin);45.147,200000;44.610,800000;41.984,600000;40.162,400000;43.252,400000;39.351,800000;
RSearch-w-Vaw(Dmin,+,Dmin);756,000000;754,800000;898,000000;792,600000;930,200000;800,400000;
RSearch-w-Vaw(No,x,No);38.195,600000;34.427,800000;32.077,400000;35.758,800000;36.821,400000;30.226,200000;
RSearch-w-Vaw(No,x,Unit);840,400000;731,400000;767,400000;719,200000;707,800000;728,600000;
RSearch-w-Vaw(No,x,Pmin);38.195,600000;36.354,400000;32.077,400000;34.019,200000;36.821,400000;30.226,200000;
RSearch-w-Vaw(No,x,Dmin);690,000000;713,200000;740,800000;964,400000;798,800000;847,000000;
RSearch-w-Vaw(Unit,x,No);50.000,000000;50.000,000000;50.000,000000;50.000,000000;50.000,000000;50.000,000000;
RSearch-w-Vaw(Unit,x,Unit);1.848,000000;571,200000;323,200000;214,800000;182,400000;159,200000;
RSearch-w-Vaw(Unit,x,Pmin);50.000,000000;50.000,000000;50.000,000000;50.000,000000;50.000,000000;50.000,000000;
RSearch-w-Vaw(Unit,x,Dmin);50.000,000000;50.000,000000;50.000,000000;50.000,000000;50.000,000000;50.000,000000;
RSearch-w-Vaw(Pmin,x,No);38.195,600000;34.427,800000;32.077,400000;35.758,800000;36.821,400000;30.226,200000;
RSearch-w-Vaw(Pmin,x,Unit);840,400000;731,400000;767,400000;719,200000;707,800000;728,600000;
RSearch-w-Vaw(Pmin,x,Pmin);38.195,600000;36.354,400000;33.807,000000;35.758,800000;35.326,000000;29.635,000000;
RSearch-w-Vaw(Pmin,x,Dmin);690,000000;713,200000;740,800000;964,400000;798,800000;847,000000;
RSearch-w-Vaw(Dmin,x,No);46.309,800000;43.113,000000;41.961,000000;40.294,800000;40.930,000000;41.248,000000;
RSearch-w-Vaw(Dmin,x,Unit);840,400000;731,400000;767,400000;719,200000;707,800000;728,600000;
RSearch-w-Vaw(Dmin,x,Pmin);46.309,800000;44.173,800000;41.961,000000;40.294,800000;40.930,000000;41.248,000000;
RSearch-w-Vaw(Dmin,x,Dmin);654,400000;797,400000;558,600000;802,600000;815,200000;666,600000;


Max Interval - StdDev
;1;4;7;10;13;16;
RSearch-NCount;65,118354;20,000000;49,665280;100,694389;61,222872;41,706594;
RSearch-Vaw;218,820840;101,965877;137,258005;94,286797;224,812277;81,002222;
RSearch-LRTA*-unit;48,354524;37,391978;19,620398;23,404273;9,633276;12,377399;
RSearch-Full-LRTA*;57,073286;23,143034;24,620317;20,807691;40,346499;23,773935;
RSearch-w-NC(No,+,No);109,007523;16,094720;15,186836;26,066070;35,054244;16,946976;
RSearch-w-NC(No,+,Unit);0,000000;0,000000;0,000000;0,000000;0,000000;0,000000;
RSearch-w-NC(No,+,Pmin);4.426,541467;2.103,184195;4.741,487682;4.896,943193;2.178,041322;6.206,072400;
RSearch-w-NC(No,+,Dmin);109,007523;16,094720;15,186836;26,066070;35,054244;16,946976;
RSearch-w-NC(Unit,+,No);45,124716;54,426464;87,525082;50,617783;68,844753;121,601645;
RSearch-w-NC(Unit,+,Unit);198,359875;55,221010;25,632791;53,477472;81,338798;24,424578;
RSearch-w-NC(Unit,+,Pmin);1.480,453660;1.982,928904;1.561,991729;1.910,218270;1.613,819370;1.649,406972;
RSearch-w-NC(Unit,+,Dmin);45,124716;54,426464;87,525082;50,617783;68,844753;121,601645;
RSearch-w-NC(Pmin,+,No);52,446544;24,888552;163,163231;76,768223;76,275815;19,318385;
RSearch-w-NC(Pmin,+,Unit);0,000000;0,000000;4,586938;6.456,100105;6.783,587576;10,800000;
RSearch-w-NC(Pmin,+,Pmin);3.435,839496;3.673,983157;7.352,644134;4.538,498007;3.941,364403;6.069,435611;
RSearch-w-NC(Pmin,+,Dmin);72,631674;47,372566;74,216979;84,127522;15,118201;44,603139;
RSearch-w-NC(Dmin,+,No);109,007523;16,094720;15,186836;26,066070;35,054244;16,946976;
RSearch-w-NC(Dmin,+,Unit);0,000000;0,000000;0,000000;0,000000;0,000000;0,000000;
RSearch-w-NC(Dmin,+,Pmin);4.243,783265;4.054,500384;5.191,377004;5.491,373067;6.304,368898;2.843,577845;
RSearch-w-NC(Dmin,+,Dmin);109,007523;16,094720;15,186836;26,066070;35,054244;16,946976;
RSearch-w-NC(No,x,No);992,387102;4.672,053227;6.453,450345;3.548,554714;4.604,439797;4.989,466705;
RSearch-w-NC(No,x,Unit);95,934561;47,638640;30,305115;64,969531;23,354657;37,370577;
RSearch-w-NC(No,x,Pmin);2.123,879902;1.185,334113;4.377,582465;4.670,081353;2.928,652755;2.987,636618;
RSearch-w-NC(No,x,Dmin);49,515250;67,937030;63,949980;89,158286;44,933729;79,419393;
RSearch-w-NC(Unit,x,No);0,000000;0,000000;0,000000;0,000000;0,000000;0,000000;
RSearch-w-NC(Unit,x,Unit);97,608196;26,283074;13,847743;22,824548;15,509997;4,289522;
RSearch-w-NC(Unit,x,Pmin);0,000000;0,000000;0,000000;0,000000;0,000000;0,000000;
RSearch-w-NC(Unit,x,Dmin);0,000000;0,000000;0,000000;0,000000;0,000000;0,000000;
RSearch-w-NC(Pmin,x,No);951,939704;4.950,205394;3.281,988263;2.230,601982;3.383,475160;5.598,593309;
RSearch-w-NC(Pmin,x,Unit);95,934561;47,638640;30,305115;64,969531;23,354657;37,370577;
RSearch-w-NC(Pmin,x,Pmin);1.578,371642;2.084,020345;3.522,093105;2.560,650902;4.349,314502;5.412,055077;
RSearch-w-NC(Pmin,x,Dmin);49,515250;67,937030;63,949980;89,158286;44,933729;79,419393;
RSearch-w-NC(Dmin,x,No);933,869498;3.615,242564;7.821,036489;4.373,074754;4.861,802110;4.928,189388;
RSearch-w-NC(Dmin,x,Unit);95,934561;47,638640;30,305115;64,969531;23,354657;37,370577;
RSearch-w-NC(Dmin,x,Pmin);1.009,429819;3.085,899350;4.595,974874;5.061,217680;5.268,141357;7.699,117025;
RSearch-w-NC(Dmin,x,Dmin);253,585804;52,212642;30,322269;69,190751;25,989229;44,125276;
RSearch-w-Vaw(No,+,No);167,646056;96,206860;50,647804;121,387973;178,652064;92,789224;
RSearch-w-Vaw(No,+,Unit);0,000000;0,000000;0,000000;0,000000;0,000000;0,000000;
RSearch-w-Vaw(No,+,Pmin);3.476,680509;2.038,571598;5.247,209902;1.806,220983;2.712,061400;5.290,461810;
RSearch-w-Vaw(No,+,Dmin);167,646056;96,206860;50,647804;121,387973;178,652064;92,789224;
RSearch-w-Vaw(Unit,+,No);152,395013;106,749426;143,175976;57,570826;73,475438;112,959108;
RSearch-w-Vaw(Unit,+,Unit);0,000000;90,524251;35,668473;36,569933;33,785204;22,535306;
RSearch-w-Vaw(Unit,+,Pmin);3.822,531287;3.876,580421;3.782,868890;3.414,644075;4.815,291451;3.852,587110;
RSearch-w-Vaw(Unit,+,Dmin);152,395013;106,749426;143,175976;57,570826;73,475438;112,959108;
RSearch-w-Vaw(Pmin,+,No);160,639970;78,787309;91,197807;89,195516;79,938476;60,023329;
RSearch-w-Vaw(Pmin,+,Unit);0,000000;0,000000;364,800000;10,564090;1.832,727519;42,800000;
RSearch-w-Vaw(Pmin,+,Pmin);4.658,799476;4.586,412472;1.445,901048;3.970,598111;2.529,305786;1.178,023599;
RSearch-w-Vaw(Pmin,+,Dmin);160,639970;86,506416;91,197807;81,329945;79,938476;60,023329;
RSearch-w-Vaw(Dmin,+,No);167,646056;96,206860;50,647804;121,387973;178,652064;92,789224;
RSearch-w-Vaw(Dmin,+,Unit);0,000000;0,000000;0,000000;0,000000;0,000000;0,000000;
RSearch-w-Vaw(Dmin,+,Pmin);3.476,680509;2.038,571598;5.412,273925;1.700,657473;2.712,061400;5.290,461810;
RSearch-w-Vaw(Dmin,+,Dmin);167,646056;96,206860;50,647804;121,387973;178,652064;92,789224;
RSearch-w-Vaw(No,x,No);4.494,733478;2.686,088785;3.323,213722;4.766,216462;2.305,809238;607,693804;
RSearch-w-Vaw(No,x,Unit);117,746507;142,776188;114,475500;105,237636;120,512904;66,098714;
RSearch-w-Vaw(No,x,Pmin);4.494,733478;4.752,986665;3.323,213722;1.689,398283;2.305,809238;607,693804;
RSearch-w-Vaw(No,x,Dmin);160,639970;140,610668;147,970808;162,125384;126,119626;98,861519;
RSearch-w-Vaw(Unit,x,No);0,000000;0,000000;0,000000;0,000000;0,000000;0,000000;
RSearch-w-Vaw(Unit,x,Unit);78,322411;23,625410;27,132269;8,863408;4,223742;4,874423;
RSearch-w-Vaw(Unit,x,Pmin);0,000000;0,000000;0,000000;0,000000;0,000000;0,000000;
RSearch-w-Vaw(Unit,x,Dmin);0,000000;0,000000;0,000000;0,000000;0,000000;0,000000;
RSearch-w-Vaw(Pmin,x,No);4.494,733478;2.686,088785;3.323,213722;4.766,216462;2.305,809238;607,693804;
RSearch-w-Vaw(Pmin,x,Unit);117,746507;142,776188;114,475500;105,237636;120,512904;66,098714;
RSearch-w-Vaw(Pmin,x,Pmin);4.494,733478;4.752,986665;3.884,626314;4.766,216462;3.538,248267;1.623,416028;
RSearch-w-Vaw(Pmin,x,Dmin);160,639970;140,610668;147,970808;162,125384;126,119626;98,861519;
RSearch-w-Vaw(Dmin,x,No);3.671,329100;3.010,843005;4.346,676708;3.264,963485;2.427,938467;2.391,876836;
RSearch-w-Vaw(Dmin,x,Unit);117,746507;142,776188;114,475500;105,237636;120,512904;66,098714;
RSearch-w-Vaw(Dmin,x,Pmin);3.671,329100;2.318,375414;4.346,676708;3.264,963485;2.427,938467;2.391,876836;
RSearch-w-Vaw(Dmin,x,Dmin);156,496134;74,920224;222,854751;156,407928;148,342037;180,750214;


QMI - Mean
;1;4;7;10;13;16;
RSearch-NCount;315,795410;88,914776;57,210960;44,686805;38,424960;34,183708;
RSearch-Vaw;265,137041;134,274724;99,743927;81,968325;65,850598;64,473057;
RSearch-LRTA*-unit;325,566636;89,168166;53,662125;39,157056;31,051114;25,828631;
RSearch-Full-LRTA*;238,024160;72,194916;45,742886;34,847673;28,261106;24,273510;
RSearch-w-NC(No,+,No);310,299354;82,189635;49,994215;38,088435;32,188859;28,745994;
RSearch-w-NC(No,+,Unit);1.755,860661;862,478035;613,372852;486,258713;431,733003;364,098794;
RSearch-w-NC(No,+,Pmin);1.199,351055;532,860617;339,584045;272,874209;200,990872;185,552337;
RSearch-w-NC(No,+,Dmin);310,299354;82,189635;49,994215;38,088435;32,188859;28,745994;
RSearch-w-NC(Unit,+,No);265,156840;84,652242;59,427089;50,031239;44,688274;42,349806;
RSearch-w-NC(Unit,+,Unit);274,970722;80,097683;50,237287;38,046989;31,208508;26,469071;
RSearch-w-NC(Unit,+,Pmin);642,630492;276,128101;202,168184;162,109278;152,589831;134,447246;
RSearch-w-NC(Unit,+,Dmin);265,156840;84,652242;59,427089;50,031239;44,688274;42,349806;
RSearch-w-NC(Pmin,+,No);259,514661;85,797528;62,301491;52,691426;49,182051;44,984606;
RSearch-w-NC(Pmin,+,Unit);1.628,663326;656,550187;346,050665;313,977102;337,553001;290,755622;
RSearch-w-NC(Pmin,+,Pmin);827,709839;350,997510;268,297905;223,805648;201,899622;182,667463;
RSearch-w-NC(Pmin,+,Dmin);259,212845;88,351158;63,695549;54,858249;48,943858;46,724281;
RSearch-w-NC(Dmin,+,No);310,299354;82,189635;49,994215;38,088435;32,188859;28,745994;
RSearch-w-NC(Dmin,+,Unit);1.755,860661;862,478035;613,372852;486,258713;431,733003;364,098794;
RSearch-w-NC(Dmin,+,Pmin);1.205,229633;545,428669;349,183398;254,860653;197,211725;193,556390;
RSearch-w-NC(Dmin,+,Dmin);310,299354;82,189635;49,994215;38,088435;32,188859;28,745994;
RSearch-w-NC(No,x,No);857,871235;387,077802;267,991967;231,928160;195,361426;185,136372;
RSearch-w-NC(No,x,Unit);306,752226;84,013148;52,408167;39,937634;33,701805;29,869692;
RSearch-w-NC(No,x,Pmin);848,618777;394,685120;270,284096;229,952973;210,846518;197,733292;
RSearch-w-NC(No,x,Dmin);264,304194;88,735756;67,013756;56,140229;52,288739;46,714547;
RSearch-w-NC(Unit,x,No);2.060,573473;906,088994;658,527240;532,400269;454,669984;400,887124;
RSearch-w-NC(Unit,x,Unit);333,068568;83,214775;47,338574;32,941532;25,289503;20,518287;
RSearch-w-NC(Unit,x,Pmin);2.060,573473;906,088994;658,527240;532,400269;454,669984;400,887124;
RSearch-w-NC(Unit,x,Dmin);1.934,961994;870,846544;627,504329;501,538176;439,758862;384,330300;
RSearch-w-NC(Pmin,x,No);847,523531;381,980123;267,625908;229,761572;209,396996;199,818801;
RSearch-w-NC(Pmin,x,Unit);306,752226;84,013148;52,408167;39,937634;33,701805;29,869692;
RSearch-w-NC(Pmin,x,Pmin);855,659801;371,867780;270,551153;236,183476;206,779677;192,461660;
RSearch-w-NC(Pmin,x,Dmin);264,304194;88,735756;67,013756;56,140229;52,288739;46,714547;
RSearch-w-NC(Dmin,x,No);1.223,182257;531,494602;342,636156;235,546442;182,672836;164,463054;
RSearch-w-NC(Dmin,x,Unit);306,752226;84,013148;52,408167;39,937634;33,701805;29,869692;
RSearch-w-NC(Dmin,x,Pmin);1.222,000556;526,294025;354,083741;239,776390;199,372862;173,288592;
RSearch-w-NC(Dmin,x,Dmin);326,561862;87,532144;54,470493;42,301336;36,089978;32,809835;
RSearch-w-Vaw(No,+,No);262,478574;130,604486;100,252067;80,107319;68,418582;65,168226;
RSearch-w-Vaw(No,+,Unit);1.755,860661;862,478034;613,671797;488,975087;436,391818;362,524813;
RSearch-w-Vaw(No,+,Pmin);1.473,086609;648,737752;440,037480;360,500467;313,341666;256,150520;
RSearch-w-Vaw(No,+,Dmin);262,478574;130,604486;100,252067;80,107319;68,418582;65,168226;
RSearch-w-Vaw(Unit,+,No);254,978494;129,330923;99,103876;84,692030;68,023794;66,890055;
RSearch-w-Vaw(Unit,+,Unit);243,866095;71,091848;43,744291;32,421507;26,252420;22,164801;
RSearch-w-Vaw(Unit,+,Pmin);1.147,440596;496,606430;351,398603;285,005665;261,571584;205,996347;
RSearch-w-Vaw(Unit,+,Dmin);254,978494;129,330923;99,103876;84,692030;68,023794;66,890055;
RSearch-w-Vaw(Pmin,+,No);258,642990;130,909447;97,813353;83,985977;72,314203;65,422415;
RSearch-w-Vaw(Pmin,+,Unit);1.612,316309;765,881059;570,856136;464,556276;398,007329;354,925855;
RSearch-w-Vaw(Pmin,+,Pmin);1.238,190529;543,677594;342,933056;275,728794;257,154487;204,798329;
RSearch-w-Vaw(Pmin,+,Dmin);258,642990;130,695605;97,813353;84,301269;72,314203;65,422415;
RSearch-w-Vaw(Dmin,+,No);262,478574;130,604486;100,252067;80,107319;68,418582;65,168226;
RSearch-w-Vaw(Dmin,+,Unit);1.755,860661;862,478034;613,671797;488,975087;436,391818;362,524813;
RSearch-w-Vaw(Dmin,+,Pmin);1.473,086609;648,737752;440,160168;358,461805;313,341666;256,150520;
RSearch-w-Vaw(Dmin,+,Dmin);262,478574;130,604486;100,252067;80,107319;68,418582;65,168226;
RSearch-w-Vaw(No,x,No);1.173,185507;489,355641;368,510464;315,629190;267,186470;214,875976;
RSearch-w-Vaw(No,x,Unit);272,488010;136,928741;97,156821;82,069498;73,935656;62,877184;
RSearch-w-Vaw(No,x,Pmin);1.173,185507;512,796860;368,510464;313,999161;267,186470;214,875244;
RSearch-w-Vaw(No,x,Dmin);258,642990;130,113077;97,636478;80,485327;74,554275;63,814164;
RSearch-w-Vaw(Unit,x,No);2.060,573473;906,088994;658,527240;532,400269;454,669984;400,887124;
RSearch-w-Vaw(Unit,x,Unit);294,705523;73,201143;41,762620;29,456077;22,918760;18,827184;
RSearch-w-Vaw(Unit,x,Pmin);2.060,573473;906,088994;658,527240;532,400269;454,669984;400,887124;
RSearch-w-Vaw(Unit,x,Dmin);1.934,961994;870,846544;627,504329;501,538176;439,758862;384,330300;
RSearch-w-Vaw(Pmin,x,No);1.173,185507;489,355641;368,510464;315,629190;267,186470;214,875976;
RSearch-w-Vaw(Pmin,x,Unit);272,488010;136,928741;97,156821;82,069498;73,935656;62,877184;
RSearch-w-Vaw(Pmin,x,Pmin);1.173,185507;512,796860;373,171741;315,646519;258,394634;214,860207;
RSearch-w-Vaw(Pmin,x,Dmin);258,642990;130,113077;97,636478;80,485327;74,554275;63,814164;
RSearch-w-Vaw(Dmin,x,No);1.452,247027;701,357290;449,250531;346,508322;322,155488;284,147691;
RSearch-w-Vaw(Dmin,x,Unit);272,488010;136,928741;97,156821;82,069498;73,935656;62,877184;
RSearch-w-Vaw(Dmin,x,Pmin);1.452,247027;685,588617;449,250531;347,335694;322,155905;284,146583;
RSearch-w-Vaw(Dmin,x,Dmin);251,959827;127,758967;91,530107;79,905356;71,354495;65,543274;


QMI - StdDev
;1;4;7;10;13;16;
RSearch-NCount;1,398782;0,449729;0,382374;0,262646;0,547070;0,201599;
RSearch-Vaw;9,850570;4,287083;5,263051;1,885463;8,328247;4,010509;
RSearch-LRTA*-unit;1,669282;0,285133;0,110597;0,093914;0,105952;0,098525;
RSearch-Full-LRTA*;0,898588;0,427110;0,467834;0,237584;0,250561;0,149959;
RSearch-w-NC(No,+,No);0,675498;0,394731;0,135757;0,261460;0,440563;0,725266;
RSearch-w-NC(No,+,Unit);169,936843;6,467803;25,001441;8,711769;15,775655;7,371873;
RSearch-w-NC(No,+,Pmin);21,173232;22,088638;21,093201;28,909543;28,652330;14,965252;
RSearch-w-NC(No,+,Dmin);0,675498;0,394731;0,135757;0,261460;0,440563;0,725266;
RSearch-w-NC(Unit,+,No);0,730596;1,039784;0,836016;0,546520;1,073213;1,028347;
RSearch-w-NC(Unit,+,Unit);1,071178;0,390565;0,387824;0,305853;0,311912;0,205166;
RSearch-w-NC(Unit,+,Pmin);8,310064;4,431092;8,424838;7,792349;4,643992;7,418323;
RSearch-w-NC(Unit,+,Dmin);0,730596;1,039784;0,836016;0,546520;1,073213;1,028347;
RSearch-w-NC(Pmin,+,No);0,793888;0,776780;1,123815;0,682638;1,013866;0,937367;
RSearch-w-NC(Pmin,+,Unit);173,420735;142,031437;69,361946;74,531666;95,677314;87,829415;
RSearch-w-NC(Pmin,+,Pmin);19,117266;14,780503;27,664597;7,189255;11,644549;11,286346;
RSearch-w-NC(Pmin,+,Dmin);0,619504;0,945777;1,019334;1,483705;1,476309;1,647992;
RSearch-w-NC(Dmin,+,No);0,675498;0,394731;0,135757;0,261460;0,440563;0,725266;
RSearch-w-NC(Dmin,+,Unit);169,936843;6,467803;25,001441;8,711769;15,775655;7,371873;
RSearch-w-NC(Dmin,+,Pmin);14,732080;25,744797;15,468322;23,807721;16,101839;16,177798;
RSearch-w-NC(Dmin,+,Dmin);0,675498;0,394731;0,135757;0,261460;0,440563;0,725266;
RSearch-w-NC(No,x,No);17,930338;6,669019;20,242254;15,471467;19,379552;27,737635;
RSearch-w-NC(No,x,Unit);2,111786;0,082548;0,354254;0,401363;0,437589;0,354890;
RSearch-w-NC(No,x,Pmin);22,497530;18,637863;22,203430;5,928111;22,176874;8,084835;
RSearch-w-NC(No,x,Dmin);0,878168;0,827899;1,269677;0,613986;5,136844;1,820694;
RSearch-w-NC(Unit,x,No);221,441185;47,611544;30,910535;29,545299;12,764846;13,374704;
RSearch-w-NC(Unit,x,Unit);1,671103;0,175371;0,070569;0,042742;0,056625;0,021391;
RSearch-w-NC(Unit,x,Pmin);221,441185;47,611544;30,910535;29,545299;12,764846;13,374704;
RSearch-w-NC(Unit,x,Dmin);287,544755;22,735022;45,948315;10,139270;13,686112;10,821525;
RSearch-w-NC(Pmin,x,No);6,729627;20,787378;18,815013;23,689511;11,057274;6,698212;
RSearch-w-NC(Pmin,x,Unit);2,111786;0,082548;0,354254;0,401363;0,437589;0,354890;
RSearch-w-NC(Pmin,x,Pmin);22,809489;21,970200;18,514263;19,693241;19,447871;12,658267;
RSearch-w-NC(Pmin,x,Dmin);0,878168;0,827899;1,269677;0,613986;5,136844;1,820694;
RSearch-w-NC(Dmin,x,No);46,158659;8,578118;22,704467;11,184816;13,770401;34,447663;
RSearch-w-NC(Dmin,x,Unit);2,111786;0,082548;0,354254;0,401363;0,437589;0,354890;
RSearch-w-NC(Dmin,x,Pmin);48,290477;11,683062;20,047569;8,953390;34,352781;9,490696;
RSearch-w-NC(Dmin,x,Dmin);1,576309;0,774428;0,410152;0,473483;0,442234;0,477759;
RSearch-w-Vaw(No,+,No);12,048095;7,520263;2,434635;3,305402;3,199457;3,053776;
RSearch-w-Vaw(No,+,Unit);169,936843;6,467803;25,300476;10,047696;19,200819;7,844807;
RSearch-w-Vaw(No,+,Pmin);110,505537;71,814488;18,473419;21,233240;20,614971;16,139934;
RSearch-w-Vaw(No,+,Dmin);12,048095;7,520263;2,434635;3,305402;3,199457;3,053776;
RSearch-w-Vaw(Unit,+,No);14,431935;1,426856;3,898839;3,832771;6,005829;3,666611;
RSearch-w-Vaw(Unit,+,Unit);0,936313;0,508839;0,217259;0,136105;0,162068;0,078693;
RSearch-w-Vaw(Unit,+,Pmin);75,777619;40,740074;36,052276;34,281776;53,864929;15,208138;
RSearch-w-Vaw(Unit,+,Dmin);14,431935;1,426856;3,898839;3,832771;6,005829;3,666611;
RSearch-w-Vaw(Pmin,+,No);17,132371;4,292911;3,076356;3,091982;2,244479;2,550756;
RSearch-w-Vaw(Pmin,+,Unit);130,526579;20,511495;8,360513;15,234344;9,470372;11,442664;
RSearch-w-Vaw(Pmin,+,Pmin);164,690089;49,174194;13,766624;16,413308;24,420275;3,312223;
RSearch-w-Vaw(Pmin,+,Dmin);17,132371;4,228297;3,076356;2,910426;2,244479;2,550756;
RSearch-w-Vaw(Dmin,+,No);12,048095;7,520263;2,434635;3,305402;3,199457;3,053776;
RSearch-w-Vaw(Dmin,+,Unit);169,936843;6,467803;25,300476;10,047696;19,200819;7,844807;
RSearch-w-Vaw(Dmin,+,Pmin);110,505537;71,814488;18,600943;24,101608;20,614971;16,139934;
RSearch-w-Vaw(Dmin,+,Dmin);12,048095;7,520263;2,434635;3,305402;3,199457;3,053776;
RSearch-w-Vaw(No,x,No);82,176629;42,678024;18,961298;18,024294;20,171672;8,063291;
RSearch-w-Vaw(No,x,Unit);10,326571;7,375888;3,997095;2,821080;2,038406;2,818809;
RSearch-w-Vaw(No,x,Pmin);82,176629;55,556074;18,961298;18,645112;20,171672;8,063672;
RSearch-w-Vaw(No,x,Dmin);17,132371;2,904530;2,641974;1,595187;2,242472;2,811383;
RSearch-w-Vaw(Unit,x,No);221,441185;47,611544;30,910535;29,545299;12,764846;13,374704;
RSearch-w-Vaw(Unit,x,Unit);0,783277;0,165505;0,030550;0,101949;0,055491;0,023473;
RSearch-w-Vaw(Unit,x,Pmin);221,441185;47,611544;30,910535;29,545299;12,764846;13,374704;
RSearch-w-Vaw(Unit,x,Dmin);287,544755;22,735022;45,948315;10,139270;13,686112;10,821525;
RSearch-w-Vaw(Pmin,x,No);82,176629;42,678024;18,961298;18,024294;20,171672;8,063291;
RSearch-w-Vaw(Pmin,x,Unit);10,326571;7,375888;3,997095;2,821080;2,038406;2,818809;
RSearch-w-Vaw(Pmin,x,Pmin);82,176629;55,556074;18,596651;18,043911;24,766829;8,058205;
RSearch-w-Vaw(Pmin,x,Dmin);17,132371;2,904530;2,641974;1,595187;2,242472;2,811383;
RSearch-w-Vaw(Dmin,x,No);186,018063;74,758205;52,619882;14,782755;33,802875;16,335626;
RSearch-w-Vaw(Dmin,x,Unit);10,326571;7,375888;3,997095;2,821080;2,038406;2,818809;
RSearch-w-Vaw(Dmin,x,Pmin);186,018063;79,202859;52,619882;15,679208;33,802661;16,335027;
RSearch-w-Vaw(Dmin,x,Dmin);11,580712;4,603222;12,062778;3,889009;1,411037;4,094220;


SDF - Mean
;1;4;7;10;13;16;
RSearch-NCount;0,000013;0,000015;0,000019;0,000033;0,000032;0,000040;
RSearch-Vaw;0,000469;0,002171;0,003878;0,004359;0,009157;0,007856;
RSearch-LRTA*-unit;0,000416;0,001717;0,003177;0,004643;0,006134;0,007731;
RSearch-Full-LRTA*;0,001455;0,005296;0,008683;0,011747;0,014782;0,017576;
RSearch-w-NC(No,+,No);0,000059;0,000063;0,000064;0,000065;0,000070;0,000066;
RSearch-w-NC(No,+,Unit);0,039182;0,074452;0,100731;0,130197;0,145469;0,179486;
RSearch-w-NC(No,+,Pmin);0,002440;0,009713;0,017193;0,024651;0,030892;0,041800;
RSearch-w-NC(No,+,Dmin);0,000059;0,000063;0,000064;0,000065;0,000070;0,000066;
RSearch-w-NC(Unit,+,No);0,000014;0,000025;0,000027;0,000049;0,000047;0,000092;
RSearch-w-NC(Unit,+,Unit);0,000020;0,000035;0,000044;0,000062;0,000081;0,000100;
RSearch-w-NC(Unit,+,Pmin);0,000942;0,003844;0,006934;0,009563;0,012290;0,015425;
RSearch-w-NC(Unit,+,Dmin);0,000014;0,000025;0,000027;0,000049;0,000047;0,000092;
RSearch-w-NC(Pmin,+,No);0,000019;0,000027;0,000040;0,000063;0,000072;0,000093;
RSearch-w-NC(Pmin,+,Unit);0,043547;0,064470;0,032217;0,075981;0,222741;0,195585;
RSearch-w-NC(Pmin,+,Pmin);0,001201;0,005249;0,008516;0,011877;0,016048;0,020734;
RSearch-w-NC(Pmin,+,Dmin);0,000019;0,000022;0,000037;0,000073;0,000088;0,000082;
RSearch-w-NC(Dmin,+,No);0,000059;0,000063;0,000064;0,000065;0,000070;0,000066;
RSearch-w-NC(Dmin,+,Unit);0,039182;0,074452;0,100731;0,130197;0,145469;0,179486;
RSearch-w-NC(Dmin,+,Pmin);0,002389;0,009642;0,017449;0,024020;0,032362;0,040322;
RSearch-w-NC(Dmin,+,Dmin);0,000059;0,000063;0,000064;0,000065;0,000070;0,000066;
RSearch-w-NC(No,x,No);0,001353;0,005502;0,009158;0,013912;0,017626;0,021702;
RSearch-w-NC(No,x,Unit);0,000013;0,000019;0,000019;0,000024;0,000030;0,000027;
RSearch-w-NC(No,x,Pmin);0,001367;0,005379;0,009574;0,013402;0,017247;0,022703;
RSearch-w-NC(No,x,Dmin);0,000017;0,000027;0,000039;0,000067;0,000083;0,000092;
RSearch-w-NC(Unit,x,No);0,028235;0,070637;0,092506;0,114089;0,163128;0,194044;
RSearch-w-NC(Unit,x,Unit);0,000025;0,000031;0,000032;0,000040;0,000046;0,000063;
RSearch-w-NC(Unit,x,Pmin);0,028235;0,070637;0,092506;0,114089;0,163128;0,194044;
RSearch-w-NC(Unit,x,Dmin);0,033311;0,068904;0,097973;0,132043;0,150045;0,195803;
RSearch-w-NC(Pmin,x,No);0,001382;0,005605;0,009383;0,012739;0,016829;0,021845;
RSearch-w-NC(Pmin,x,Unit);0,000013;0,000019;0,000019;0,000024;0,000030;0,000027;
RSearch-w-NC(Pmin,x,Pmin);0,001341;0,005339;0,009669;0,013177;0,016689;0,020941;
RSearch-w-NC(Pmin,x,Dmin);0,000017;0,000027;0,000039;0,000067;0,000083;0,000092;
RSearch-w-NC(Dmin,x,No);0,002980;0,011293;0,018513;0,027606;0,034454;0,045539;
RSearch-w-NC(Dmin,x,Unit);0,000013;0,000019;0,000019;0,000024;0,000030;0,000027;
RSearch-w-NC(Dmin,x,Pmin);0,002961;0,010179;0,018479;0,030686;0,034752;0,042859;
RSearch-w-NC(Dmin,x,Dmin);0,000064;0,000065;0,000065;0,000065;0,000073;0,000072;
RSearch-w-Vaw(No,+,No);0,000597;0,001747;0,003014;0,004755;0,004578;0,008285;
RSearch-w-Vaw(No,+,Unit);0,039182;0,074452;0,097473;0,136619;0,154095;0,180160;
RSearch-w-Vaw(No,+,Pmin);0,015213;0,051024;0,089075;0,097692;0,145740;0,187422;
RSearch-w-Vaw(No,+,Dmin);0,000597;0,001747;0,003014;0,004755;0,004578;0,008285;
RSearch-w-Vaw(Unit,+,No);0,000504;0,002268;0,002869;0,004764;0,007894;0,009295;
RSearch-w-Vaw(Unit,+,Unit);0,001142;0,004501;0,007161;0,009557;0,012216;0,014984;
RSearch-w-Vaw(Unit,+,Pmin);0,014849;0,051763;0,089421;0,112749;0,172587;0,188869;
RSearch-w-Vaw(Unit,+,Dmin);0,000504;0,002268;0,002869;0,004764;0,007894;0,009295;
RSearch-w-Vaw(Pmin,+,No);0,000567;0,002000;0,003888;0,006062;0,006218;0,009021;
RSearch-w-Vaw(Pmin,+,Unit);0,045437;0,135472;0,220207;0,366416;0,474852;0,641217;
RSearch-w-Vaw(Pmin,+,Pmin);0,016131;0,057089;0,122513;0,180837;0,200383;0,235602;
RSearch-w-Vaw(Pmin,+,Dmin);0,000567;0,002053;0,003888;0,005583;0,006218;0,009021;
RSearch-w-Vaw(Dmin,+,No);0,000597;0,001747;0,003014;0,004755;0,004578;0,008285;
RSearch-w-Vaw(Dmin,+,Unit);0,039182;0,074452;0,097473;0,136619;0,154095;0,180160;
RSearch-w-Vaw(Dmin,+,Pmin);0,015213;0,051024;0,090020;0,101252;0,145740;0,187422;
RSearch-w-Vaw(Dmin,+,Dmin);0,000597;0,001747;0,003014;0,004755;0,004578;0,008285;
RSearch-w-Vaw(No,x,No);0,019883;0,065563;0,107082;0,154462;0,205920;0,339927;
RSearch-w-Vaw(No,x,Unit);0,000568;0,002482;0,003294;0,005352;0,007960;0,008737;
RSearch-w-Vaw(No,x,Pmin);0,019883;0,066029;0,107082;0,149138;0,205920;0,339925;
RSearch-w-Vaw(No,x,Dmin);0,000567;0,001858;0,003864;0,004435;0,006152;0,007133;
RSearch-w-Vaw(Unit,x,No);0,028235;0,070637;0,092506;0,114089;0,163128;0,194044;
RSearch-w-Vaw(Unit,x,Unit);0,000927;0,003588;0,006234;0,008790;0,011663;0,014176;
RSearch-w-Vaw(Unit,x,Pmin);0,028235;0,070637;0,092506;0,114089;0,163128;0,194044;
RSearch-w-Vaw(Unit,x,Dmin);0,033311;0,068904;0,097973;0,132043;0,150045;0,195803;
RSearch-w-Vaw(Pmin,x,No);0,019883;0,065563;0,107082;0,154462;0,205920;0,339927;
RSearch-w-Vaw(Pmin,x,Unit);0,000568;0,002482;0,003294;0,005352;0,007960;0,008737;
RSearch-w-Vaw(Pmin,x,Pmin);0,019883;0,066029;0,118442;0,154410;0,218453;0,311650;
RSearch-w-Vaw(Pmin,x,Dmin);0,000567;0,001858;0,003864;0,004435;0,006152;0,007133;
RSearch-w-Vaw(Dmin,x,No);0,019368;0,047021;0,086220;0,127841;0,147785;0,168201;
RSearch-w-Vaw(Dmin,x,Unit);0,000568;0,002482;0,003294;0,005352;0,007960;0,008737;
RSearch-w-Vaw(Dmin,x,Pmin);0,019368;0,047445;0,086220;0,128014;0,147785;0,168201;
RSearch-w-Vaw(Dmin,x,Dmin);0,000446;0,001619;0,004470;0,005305;0,003964;0,008046;


SDF - StdDev
;1;4;7;10;13;16;
RSearch-NCount;0,000001;0,000002;0,000003;0,000007;0,000004;0,000005;
RSearch-Vaw;0,000111;0,000315;0,000469;0,001736;0,003822;0,001401;
RSearch-LRTA*-unit;0,000016;0,000024;0,000025;0,000064;0,000053;0,000021;
RSearch-Full-LRTA*;0,000021;0,000057;0,000092;0,000100;0,000408;0,000325;
RSearch-w-NC(No,+,No);0,000001;0,000005;0,000002;0,000005;0,000012;0,000003;
RSearch-w-NC(No,+,Unit);0,007996;0,016633;0,018793;0,025833;0,018278;0,037479;
RSearch-w-NC(No,+,Pmin);0,000303;0,001157;0,001279;0,001142;0,002261;0,005145;
RSearch-w-NC(No,+,Dmin);0,000001;0,000005;0,000002;0,000005;0,000012;0,000003;
RSearch-w-NC(Unit,+,No);0,000001;0,000004;0,000007;0,000012;0,000014;0,000032;
RSearch-w-NC(Unit,+,Unit);0,000003;0,000003;0,000007;0,000009;0,000022;0,000012;
RSearch-w-NC(Unit,+,Pmin);0,000016;0,000092;0,000137;0,000329;0,000135;0,000300;
RSearch-w-NC(Unit,+,Dmin);0,000001;0,000004;0,000007;0,000012;0,000014;0,000032;
RSearch-w-NC(Pmin,+,No);0,000002;0,000004;0,000011;0,000028;0,000029;0,000016;
RSearch-w-NC(Pmin,+,Unit);0,009547;0,027930;0,010194;0,020547;0,177845;0,090968;
RSearch-w-NC(Pmin,+,Pmin);0,000074;0,000366;0,000461;0,000879;0,000636;0,001169;
RSearch-w-NC(Pmin,+,Dmin);0,000001;0,000003;0,000014;0,000030;0,000032;0,000020;
RSearch-w-NC(Dmin,+,No);0,000001;0,000005;0,000002;0,000005;0,000012;0,000003;
RSearch-w-NC(Dmin,+,Unit);0,007996;0,016633;0,018793;0,025833;0,018278;0,037479;
RSearch-w-NC(Dmin,+,Pmin);0,000306;0,000661;0,001711;0,003179;0,003495;0,005314;
RSearch-w-NC(Dmin,+,Dmin);0,000001;0,000005;0,000002;0,000005;0,000012;0,000003;
RSearch-w-NC(No,x,No);0,000171;0,000572;0,000711;0,001407;0,001512;0,001245;
RSearch-w-NC(No,x,Unit);0,000002;0,000002;0,000003;0,000005;0,000004;0,000003;
RSearch-w-NC(No,x,Pmin);0,000146;0,000381;0,000438;0,001276;0,001196;0,001163;
RSearch-w-NC(No,x,Dmin);0,000001;0,000004;0,000010;0,000032;0,000045;0,000023;
RSearch-w-NC(Unit,x,No);0,005379;0,018348;0,019262;0,011937;0,031786;0,033653;
RSearch-w-NC(Unit,x,Unit);0,000003;0,000003;0,000003;0,000007;0,000004;0,000008;
RSearch-w-NC(Unit,x,Pmin);0,005379;0,018348;0,019262;0,011937;0,031786;0,033653;
RSearch-w-NC(Unit,x,Dmin);0,009330;0,008690;0,023367;0,030613;0,021419;0,034951;
RSearch-w-NC(Pmin,x,No);0,000174;0,000221;0,000541;0,001014;0,001126;0,001929;
RSearch-w-NC(Pmin,x,Unit);0,000002;0,000002;0,000003;0,000005;0,000004;0,000003;
RSearch-w-NC(Pmin,x,Pmin);0,000102;0,000414;0,001087;0,000350;0,001407;0,001495;
RSearch-w-NC(Pmin,x,Dmin);0,000001;0,000004;0,000010;0,000032;0,000045;0,000023;
RSearch-w-NC(Dmin,x,No);0,000313;0,001509;0,001911;0,001598;0,001925;0,003548;
RSearch-w-NC(Dmin,x,Unit);0,000002;0,000002;0,000003;0,000005;0,000004;0,000003;
RSearch-w-NC(Dmin,x,Pmin);0,000333;0,000909;0,002156;0,001708;0,003493;0,006122;
RSearch-w-NC(Dmin,x,Dmin);0,000003;0,000005;0,000005;0,000003;0,000008;0,000012;
RSearch-w-Vaw(No,+,No);0,000086;0,000856;0,000787;0,001696;0,002899;0,001942;
RSearch-w-Vaw(No,+,Unit);0,007996;0,016633;0,021461;0,023128;0,013168;0,037205;
RSearch-w-Vaw(No,+,Pmin);0,003634;0,009879;0,011205;0,018804;0,020512;0,025457;
RSearch-w-Vaw(No,+,Dmin);0,000086;0,000856;0,000787;0,001696;0,002899;0,001942;
RSearch-w-Vaw(Unit,+,No);0,000130;0,000413;0,001458;0,000747;0,001773;0,000951;
RSearch-w-Vaw(Unit,+,Unit);0,000014;0,000083;0,000205;0,000151;0,000140;0,000304;
RSearch-w-Vaw(Unit,+,Pmin);0,003109;0,013883;0,021264;0,014216;0,081548;0,019436;
RSearch-w-Vaw(Unit,+,Dmin);0,000130;0,000413;0,001458;0,000747;0,001773;0,000951;
RSearch-w-Vaw(Pmin,+,No);0,000106;0,000391;0,000713;0,000567;0,001528;0,004323;
RSearch-w-Vaw(Pmin,+,Unit);0,006548;0,019239;0,034510;0,024616;0,081093;0,027366;
RSearch-w-Vaw(Pmin,+,Pmin);0,004142;0,007345;0,029078;0,056921;0,043465;0,019360;
RSearch-w-Vaw(Pmin,+,Dmin);0,000106;0,000385;0,000713;0,000766;0,001528;0,004323;
RSearch-w-Vaw(Dmin,+,No);0,000086;0,000856;0,000787;0,001696;0,002899;0,001942;
RSearch-w-Vaw(Dmin,+,Unit);0,007996;0,016633;0,021461;0,023128;0,013168;0,037205;
RSearch-w-Vaw(Dmin,+,Pmin);0,003634;0,009879;0,010756;0,015823;0,020512;0,025457;
RSearch-w-Vaw(Dmin,+,Dmin);0,000086;0,000856;0,000787;0,001696;0,002899;0,001942;
RSearch-w-Vaw(No,x,No);0,006375;0,019665;0,021400;0,045083;0,035797;0,102114;
RSearch-w-Vaw(No,x,Unit);0,000110;0,000369;0,001625;0,000787;0,000478;0,000815;
RSearch-w-Vaw(No,x,Pmin);0,006375;0,019970;0,021400;0,039859;0,035797;0,102113;
RSearch-w-Vaw(No,x,Dmin);0,000106;0,000746;0,000510;0,002050;0,001985;0,001444;
RSearch-w-Vaw(Unit,x,No);0,005379;0,018348;0,019262;0,011937;0,031786;0,033653;
RSearch-w-Vaw(Unit,x,Unit);0,000023;0,000046;0,000081;0,000096;0,000085;0,000138;
RSearch-w-Vaw(Unit,x,Pmin);0,005379;0,018348;0,019262;0,011937;0,031786;0,033653;
RSearch-w-Vaw(Unit,x,Dmin);0,009330;0,008690;0,023367;0,030613;0,021419;0,034951;
RSearch-w-Vaw(Pmin,x,No);0,006375;0,019665;0,021400;0,045083;0,035797;0,102114;
RSearch-w-Vaw(Pmin,x,Unit);0,000110;0,000369;0,001625;0,000787;0,000478;0,000815;
RSearch-w-Vaw(Pmin,x,Pmin);0,006375;0,019970;0,025245;0,045129;0,033746;0,126486;
RSearch-w-Vaw(Pmin,x,Dmin);0,000106;0,000746;0,000510;0,002050;0,001985;0,001444;
RSearch-w-Vaw(Dmin,x,No);0,003031;0,003883;0,024561;0,058087;0,026267;0,033621;
RSearch-w-Vaw(Dmin,x,Unit);0,000110;0,000369;0,001625;0,000787;0,000478;0,000815;
RSearch-w-Vaw(Dmin,x,Pmin);0,003031;0,003645;0,024561;0,057974;0,026267;0,033621;
RSearch-w-Vaw(Dmin,x,Dmin);0,000253;0,000856;0,000645;0,001012;0,002180;0,001589;


