;EXPER-FINAL-ALTERNATIVO-1-50000-LARS2019-LRTA - ISLANDS;

Max Interval - Mean
;1;4;7;10;13;16;
RSearch-NCount;3.435,000000;1.934,600000;1.890,800000;1.772,600000;1.980,200000;2.086,800000;
RSearch-Vaw;578,400000;553,400000;597,400000;669,400000;571,600000;610,600000;
RSearch-LRTA*-unit;1.479,600000;512,000000;341,000000;257,400000;223,400000;192,000000;
RSearch-Full-LRTA*;1.594,600000;681,000000;511,400000;459,000000;349,600000;348,000000;
RSearch-w-NC(No,+,No);5.032,800000;1.873,600000;1.567,600000;1.696,800000;1.725,800000;1.927,200000;
RSearch-w-NC(No,+,Unit);50.000,000000;50.000,000000;50.000,000000;50.000,000000;50.000,000000;43.492,000000;
RSearch-w-NC(No,+,Pmin);45.961,600000;42.257,800000;36.503,200000;14.709,200000;13.321,400000;13.662,400000;
RSearch-w-NC(No,+,Dmin);5.032,800000;1.873,600000;1.567,600000;1.696,800000;1.725,800000;1.927,200000;
RSearch-w-NC(Unit,+,No);3.313,200000;1.905,200000;1.833,600000;1.799,200000;1.901,600000;2.205,400000;
RSearch-w-NC(Unit,+,Unit);50.000,000000;48.794,600000;44.307,200000;49.086,400000;49.589,600000;49.366,600000;
RSearch-w-NC(Unit,+,Pmin);30.610,600000;30.396,200000;24.426,600000;11.555,800000;20.933,000000;20.688,000000;
RSearch-w-NC(Unit,+,Dmin);3.313,200000;1.905,200000;1.833,600000;1.799,200000;1.901,600000;2.205,400000;
RSearch-w-NC(Pmin,+,No);3.293,400000;2.445,000000;2.680,800000;2.818,200000;3.196,400000;3.100,200000;
RSearch-w-NC(Pmin,+,Unit);50.000,000000;50.000,000000;50.000,000000;50.000,000000;40.181,000000;49.965,200000;
RSearch-w-NC(Pmin,+,Pmin);38.385,000000;39.008,400000;30.469,800000;31.851,200000;30.034,200000;22.302,400000;
RSearch-w-NC(Pmin,+,Dmin);3.139,800000;2.526,400000;2.930,600000;2.580,000000;3.020,400000;3.163,600000;
RSearch-w-NC(Dmin,+,No);5.032,800000;1.873,600000;1.567,600000;1.696,800000;1.725,800000;1.927,200000;
RSearch-w-NC(Dmin,+,Unit);50.000,000000;50.000,000000;50.000,000000;50.000,000000;50.000,000000;43.492,000000;
RSearch-w-NC(Dmin,+,Pmin);45.961,600000;42.308,600000;36.680,400000;14.318,600000;13.406,400000;12.987,400000;
RSearch-w-NC(Dmin,+,Dmin);5.032,800000;1.873,600000;1.567,600000;1.696,800000;1.725,800000;1.927,200000;
RSearch-w-NC(No,x,No);36.789,600000;37.328,200000;33.657,200000;34.020,800000;19.958,200000;22.060,800000;
RSearch-w-NC(No,x,Unit);3.321,800000;1.909,600000;1.759,800000;1.606,200000;1.673,400000;1.798,600000;
RSearch-w-NC(No,x,Pmin);36.591,600000;35.942,000000;29.004,000000;30.682,800000;23.879,200000;27.309,600000;
RSearch-w-NC(No,x,Dmin);3.457,800000;2.524,800000;2.779,600000;2.765,400000;2.890,000000;2.987,200000;
RSearch-w-NC(Unit,x,No);50.000,000000;50.000,000000;50.000,000000;50.000,000000;50.000,000000;50.000,000000;
RSearch-w-NC(Unit,x,Unit);3.074,200000;1.092,200000;569,600000;383,400000;294,000000;234,400000;
RSearch-w-NC(Unit,x,Pmin);50.000,000000;50.000,000000;50.000,000000;50.000,000000;50.000,000000;50.000,000000;
RSearch-w-NC(Unit,x,Dmin);50.000,000000;50.000,000000;50.000,000000;50.000,000000;50.000,000000;50.000,000000;
RSearch-w-NC(Pmin,x,No);36.846,800000;39.143,000000;33.735,200000;32.657,000000;22.465,600000;19.209,000000;
RSearch-w-NC(Pmin,x,Unit);3.321,800000;1.909,600000;1.759,800000;1.606,200000;1.673,400000;1.798,600000;
RSearch-w-NC(Pmin,x,Pmin);36.831,600000;36.079,400000;35.554,800000;25.439,800000;26.503,800000;20.744,200000;
RSearch-w-NC(Pmin,x,Dmin);3.457,800000;2.524,800000;2.779,600000;2.765,400000;2.890,000000;2.987,200000;
RSearch-w-NC(Dmin,x,No);44.496,200000;39.154,000000;33.689,200000;26.552,600000;22.291,200000;19.740,000000;
RSearch-w-NC(Dmin,x,Unit);3.321,800000;1.909,600000;1.759,800000;1.606,200000;1.673,400000;1.798,600000;
RSearch-w-NC(Dmin,x,Pmin);44.496,200000;39.154,000000;33.689,200000;26.552,600000;22.291,200000;19.740,000000;
RSearch-w-NC(Dmin,x,Dmin);4.512,600000;1.824,800000;1.570,800000;1.577,600000;1.849,800000;1.957,400000;
RSearch-w-Vaw(No,+,No);734,200000;604,000000;538,200000;478,200000;632,400000;527,200000;
RSearch-w-Vaw(No,+,Unit);50.000,000000;50.000,000000;50.000,000000;50.000,000000;50.000,000000;50.000,000000;
RSearch-w-Vaw(No,+,Pmin);48.818,200000;47.035,600000;41.887,400000;40.593,200000;39.037,000000;28.075,000000;
RSearch-w-Vaw(No,+,Dmin);734,200000;604,000000;538,200000;478,200000;632,400000;527,200000;
RSearch-w-Vaw(Unit,+,No);727,400000;542,400000;532,600000;617,800000;530,000000;557,200000;
RSearch-w-Vaw(Unit,+,Unit);50.000,000000;50.000,000000;50.000,000000;49.890,400000;49.939,000000;10.048,000000;
RSearch-w-Vaw(Unit,+,Pmin);33.631,800000;35.680,600000;30.735,600000;32.049,800000;32.204,000000;31.729,000000;
RSearch-w-Vaw(Unit,+,Dmin);727,400000;542,400000;532,600000;617,800000;530,000000;557,200000;
RSearch-w-Vaw(Pmin,+,No);727,400000;585,000000;654,000000;490,200000;575,400000;582,600000;
RSearch-w-Vaw(Pmin,+,Unit);50.000,000000;50.000,000000;50.000,000000;50.000,000000;40.009,200000;20.048,400000;
RSearch-w-Vaw(Pmin,+,Pmin);45.609,600000;40.054,600000;33.922,600000;28.186,400000;28.487,600000;30.433,600000;
RSearch-w-Vaw(Pmin,+,Dmin);727,400000;585,000000;654,000000;490,200000;575,400000;582,600000;
RSearch-w-Vaw(Dmin,+,No);734,200000;604,000000;538,200000;478,200000;632,400000;527,200000;
RSearch-w-Vaw(Dmin,+,Unit);50.000,000000;50.000,000000;50.000,000000;50.000,000000;50.000,000000;50.000,000000;
RSearch-w-Vaw(Dmin,+,Pmin);48.818,200000;47.035,600000;43.206,200000;40.593,200000;39.037,000000;28.075,000000;
RSearch-w-Vaw(Dmin,+,Dmin);734,200000;604,000000;538,200000;478,200000;632,400000;527,200000;
RSearch-w-Vaw(No,x,No);43.862,600000;35.922,400000;32.418,200000;36.925,600000;28.918,200000;29.452,000000;
RSearch-w-Vaw(No,x,Unit);648,200000;520,600000;639,400000;593,200000;600,400000;592,800000;
RSearch-w-Vaw(No,x,Pmin);43.862,600000;38.296,600000;32.950,200000;37.463,400000;29.395,000000;29.452,000000;
RSearch-w-Vaw(No,x,Dmin);727,400000;585,000000;549,000000;610,000000;577,400000;589,000000;
RSearch-w-Vaw(Unit,x,No);50.000,000000;50.000,000000;50.000,000000;50.000,000000;50.000,000000;50.000,000000;
RSearch-w-Vaw(Unit,x,Unit);1.652,000000;445,800000;275,800000;206,400000;162,000000;117,000000;
RSearch-w-Vaw(Unit,x,Pmin);50.000,000000;50.000,000000;50.000,000000;50.000,000000;50.000,000000;50.000,000000;
RSearch-w-Vaw(Unit,x,Dmin);50.000,000000;50.000,000000;50.000,000000;50.000,000000;50.000,000000;50.000,000000;
RSearch-w-Vaw(Pmin,x,No);43.862,600000;35.925,200000;32.418,200000;36.925,600000;28.918,200000;29.452,000000;
RSearch-w-Vaw(Pmin,x,Unit);648,200000;520,600000;639,400000;593,200000;600,400000;592,800000;
RSearch-w-Vaw(Pmin,x,Pmin);43.862,600000;38.296,600000;32.950,200000;37.463,400000;30.397,000000;29.449,600000;
RSearch-w-Vaw(Pmin,x,Dmin);727,400000;585,000000;549,000000;610,000000;577,400000;589,000000;
RSearch-w-Vaw(Dmin,x,No);48.184,800000;46.095,000000;45.196,000000;41.852,800000;39.496,600000;39.321,200000;
RSearch-w-Vaw(Dmin,x,Unit);648,200000;520,600000;639,400000;593,200000;600,400000;592,800000;
RSearch-w-Vaw(Dmin,x,Pmin);48.184,800000;46.095,000000;45.196,000000;41.852,800000;39.496,600000;39.321,200000;
RSearch-w-Vaw(Dmin,x,Dmin);734,200000;566,200000;529,000000;533,200000;581,200000;470,600000;


Max Interval - StdDev
;1;4;7;10;13;16;
RSearch-NCount;74,616352;120,506597;118,465860;99,989199;141,369587;162,379063;
RSearch-Vaw;56,905536;38,820613;100,605368;101,387573;102,144212;34,038801;
RSearch-LRTA*-unit;86,793087;23,013040;13,549908;14,444376;11,056220;10,954451;
RSearch-Full-LRTA*;88,264602;67,213094;28,499825;50,986273;12,435433;24,437676;
RSearch-w-NC(No,+,No);165,637435;148,049451;121,307213;173,345205;170,142764;201,340905;
RSearch-w-NC(No,+,Unit);0,000000;0,000000;0,000000;0,000000;0,000000;13.012,000369;
RSearch-w-NC(No,+,Pmin);731,499720;4.750,301734;4.484,380778;1.168,138074;2.443,040204;2.618,295522;
RSearch-w-NC(No,+,Dmin);165,637435;148,049451;121,307213;173,345205;170,142764;201,340905;
RSearch-w-NC(Unit,+,No);177,607883;64,820984;89,943538;145,042614;137,751370;307,660592;
RSearch-w-NC(Unit,+,Unit);0,000000;1.642,834818;10.769,394494;701,178608;466,020858;536,960930;
RSearch-w-NC(Unit,+,Pmin);2.495,326560;3.845,957171;3.712,729594;12.603,101815;16.061,170941;11.086,405603;
RSearch-w-NC(Unit,+,Dmin);177,607883;64,820984;89,943538;145,042614;137,751370;307,660592;
RSearch-w-NC(Pmin,+,No);201,018009;126,806940;259,750188;390,096603;215,362578;171,458916;
RSearch-w-NC(Pmin,+,Unit);0,000000;0,000000;0,000000;0,000000;19.636,500034;55,416243;
RSearch-w-NC(Pmin,+,Pmin);1.879,238356;5.409,890113;4.792,575692;3.878,112654;1.293,673127;13.919,376503;
RSearch-w-NC(Pmin,+,Dmin);211,169505;76,035781;250,915603;384,020312;172,286506;125,385167;
RSearch-w-NC(Dmin,+,No);165,637435;148,049451;121,307213;173,345205;170,142764;201,340905;
RSearch-w-NC(Dmin,+,Unit);0,000000;0,000000;0,000000;0,000000;0,000000;13.012,000369;
RSearch-w-NC(Dmin,+,Pmin);731,499720;4.705,924504;4.560,915636;2.166,380724;2.943,541309;3.287,716326;
RSearch-w-NC(Dmin,+,Dmin);165,637435;148,049451;121,307213;173,345205;170,142764;201,340905;
RSearch-w-NC(No,x,No);2.017,457469;1.819,412367;4.299,674704;8.280,822022;9.712,585884;3.364,106681;
RSearch-w-NC(No,x,Unit);145,885435;98,123596;82,489757;92,670168;46,176184;147,628723;
RSearch-w-NC(No,x,Pmin);2.222,688156;4.679,268191;7.948,031706;10.208,292265;9.472,431565;6.364,940804;
RSearch-w-NC(No,x,Dmin);273,373298;99,521656;334,001557;184,558500;403,857896;172,542632;
RSearch-w-NC(Unit,x,No);0,000000;0,000000;0,000000;0,000000;0,000000;0,000000;
RSearch-w-NC(Unit,x,Unit);121,885848;39,178566;35,057667;22,553049;22,378561;13,705473;
RSearch-w-NC(Unit,x,Pmin);0,000000;0,000000;0,000000;0,000000;0,000000;0,000000;
RSearch-w-NC(Unit,x,Dmin);0,000000;0,000000;0,000000;0,000000;0,000000;0,000000;
RSearch-w-NC(Pmin,x,No);2.044,873532;3.345,650012;4.346,312386;8.474,664454;8.565,070055;7.219,234447;
RSearch-w-NC(Pmin,x,Unit);145,885435;98,123596;82,489757;92,670168;46,176184;147,628723;
RSearch-w-NC(Pmin,x,Pmin);2.018,399822;5.912,498748;5.794,737143;14.227,199069;3.099,658717;11.754,464639;
RSearch-w-NC(Pmin,x,Dmin);273,373298;99,521656;334,001557;184,558500;403,857896;172,542632;
RSearch-w-NC(Dmin,x,No);1.959,850443;3.369,300640;3.970,646416;9.012,425081;12.940,607921;13.249,643044;
RSearch-w-NC(Dmin,x,Unit);145,885435;98,123596;82,489757;92,670168;46,176184;147,628723;
RSearch-w-NC(Dmin,x,Pmin);1.959,850443;3.369,300640;3.970,646416;9.012,425081;12.940,607921;13.249,643044;
RSearch-w-NC(Dmin,x,Dmin);144,672872;36,207182;181,146791;213,482177;189,339272;241,682105;
RSearch-w-Vaw(No,+,No);48,168039;84,365870;70,609914;80,135885;75,626979;52,837108;
RSearch-w-Vaw(No,+,Unit);0,000000;0,000000;0,000000;0,000000;0,000000;0,000000;
RSearch-w-Vaw(No,+,Pmin);1.072,081788;1.894,412796;4.166,596914;5.493,150877;3.151,133955;5.675,388727;
RSearch-w-Vaw(No,+,Dmin);48,168039;84,365870;70,609914;80,135885;75,626979;52,837108;
RSearch-w-Vaw(Unit,+,No);46,740133;70,536799;105,679894;132,501170;101,723154;119,283528;
RSearch-w-Vaw(Unit,+,Unit);0,000000;0,000000;0,000000;134,566861;79,165649;19.976,010162;
RSearch-w-Vaw(Unit,+,Pmin);4.185,628861;5.686,568125;5.319,632905;5.841,983341;5.781,523121;6.016,368406;
RSearch-w-Vaw(Unit,+,Dmin);46,740133;70,536799;105,679894;132,501170;101,723154;119,283528;
RSearch-w-Vaw(Pmin,+,No);46,740133;55,425626;96,307840;139,462396;101,523593;100,857523;
RSearch-w-Vaw(Pmin,+,Unit);0,000000;0,000000;0,000000;0,000000;19.964,104602;24.455,379037;
RSearch-w-Vaw(Pmin,+,Pmin);1.459,797602;5.046,618218;3.258,294376;2.579,384004;2.098,104344;2.573,194792;
RSearch-w-Vaw(Pmin,+,Dmin);46,740133;55,425626;96,307840;139,462396;101,523593;100,857523;
RSearch-w-Vaw(Dmin,+,No);48,168039;84,365870;70,609914;80,135885;75,626979;52,837108;
RSearch-w-Vaw(Dmin,+,Unit);0,000000;0,000000;0,000000;0,000000;0,000000;0,000000;
RSearch-w-Vaw(Dmin,+,Pmin);1.072,081788;1.894,412796;3.267,344206;5.493,150877;3.151,133955;5.675,388727;
RSearch-w-Vaw(Dmin,+,Dmin);48,168039;84,365870;70,609914;80,135885;75,626979;52,837108;
RSearch-w-Vaw(No,x,No);1.597,768269;4.067,287283;2.568,319404;4.687,553716;7.794,672216;5.079,295030;
RSearch-w-Vaw(No,x,Unit);26,723772;109,047879;41,634601;98,548262;67,036110;84,740545;
RSearch-w-Vaw(No,x,Pmin);1.597,768269;3.635,649191;2.173,443112;4.259,958995;8.034,702160;5.079,295030;
RSearch-w-Vaw(No,x,Dmin);46,740133;55,425626;60,421850;87,233021;86,735460;85,217369;
RSearch-w-Vaw(Unit,x,No);0,000000;0,000000;0,000000;0,000000;0,000000;0,000000;
RSearch-w-Vaw(Unit,x,Unit);127,536661;21,784398;16,067358;16,596385;7,099296;4,516636;
RSearch-w-Vaw(Unit,x,Pmin);0,000000;0,000000;0,000000;0,000000;0,000000;0,000000;
RSearch-w-Vaw(Unit,x,Dmin);0,000000;0,000000;0,000000;0,000000;0,000000;0,000000;
RSearch-w-Vaw(Pmin,x,No);1.597,768269;4.065,581159;2.568,319404;4.687,553716;7.794,672216;5.079,295030;
RSearch-w-Vaw(Pmin,x,Unit);26,723772;109,047879;41,634601;98,548262;67,036110;84,740545;
RSearch-w-Vaw(Pmin,x,Pmin);1.597,768269;3.635,649191;2.173,443112;4.259,958995;7.772,784237;5.076,259591;
RSearch-w-Vaw(Pmin,x,Dmin);46,740133;55,425626;60,421850;87,233021;86,735460;85,217369;
RSearch-w-Vaw(Dmin,x,No);766,646046;1.729,186051;4.033,274551;2.123,548201;3.742,563752;7.713,712320;
RSearch-w-Vaw(Dmin,x,Unit);26,723772;109,047879;41,634601;98,548262;67,036110;84,740545;
RSearch-w-Vaw(Dmin,x,Pmin);766,646046;1.729,186051;4.033,274551;2.123,548201;3.742,563752;7.713,712320;
RSearch-w-Vaw(Dmin,x,Dmin);48,168039;44,156087;147,979728;94,926077;109,590876;99,509999;


QMI - Mean
;1;4;7;10;13;16;
RSearch-NCount;295,474157;94,587438;64,270192;52,342873;47,064468;43,364995;
RSearch-Vaw;204,446056;101,194197;75,383774;63,581660;55,534504;49,975706;
RSearch-LRTA*-unit;265,854399;72,358276;43,218463;31,241137;24,590208;20,419765;
RSearch-Full-LRTA*;254,424009;74,939133;46,057223;34,273857;27,016152;22,956891;
RSearch-w-NC(No,+,No);432,713190;109,328223;62,812032;51,696599;44,562539;42,365932;
RSearch-w-NC(No,+,Unit);2.191,390464;844,240084;586,861814;411,214985;278,860556;136,493683;
RSearch-w-NC(No,+,Pmin);1.531,714635;611,616754;325,187468;87,711058;60,903861;55,254074;
RSearch-w-NC(No,+,Dmin);432,713190;109,328223;62,812032;51,696599;44,562539;42,365932;
RSearch-w-NC(Unit,+,No);285,332773;90,398740;61,512338;51,158375;47,456621;44,750692;
RSearch-w-NC(Unit,+,Unit);2.236,490288;896,170193;508,034546;419,809021;345,276589;246,934932;
RSearch-w-NC(Unit,+,Pmin);1.156,841317;466,335681;232,516650;102,493777;151,459014;142,061384;
RSearch-w-NC(Unit,+,Dmin);285,332773;90,398740;61,512338;51,158375;47,456621;44,750692;
RSearch-w-NC(Pmin,+,No);319,787389;108,207972;86,573948;76,083664;70,891545;63,615983;
RSearch-w-NC(Pmin,+,Unit);2.118,017144;800,843714;580,256563;339,433933;179,560642;175,264617;
RSearch-w-NC(Pmin,+,Pmin);1.304,469605;523,806521;264,158468;256,670961;182,052953;126,473362;
RSearch-w-NC(Pmin,+,Dmin);321,129723;112,410322;94,106302;71,601041;69,516461;64,610811;
RSearch-w-NC(Dmin,+,No);432,713190;109,328223;62,812032;51,696599;44,562539;42,365932;
RSearch-w-NC(Dmin,+,Unit);2.191,390464;844,240084;586,861814;411,214985;278,860556;136,493683;
RSearch-w-NC(Dmin,+,Pmin);1.533,441557;607,314227;326,458434;88,598456;59,729589;55,313491;
RSearch-w-NC(Dmin,+,Dmin);432,713190;109,328223;62,812032;51,696599;44,562539;42,365932;
RSearch-w-NC(No,x,No);1.303,761446;489,739785;292,728839;203,786476;111,138022;122,295708;
RSearch-w-NC(No,x,Unit);282,283069;87,027941;57,402175;45,022676;39,986090;37,516710;
RSearch-w-NC(No,x,Pmin);1.314,797035;508,382337;301,075357;168,557365;123,968959;132,213005;
RSearch-w-NC(No,x,Dmin);315,040339;110,986491;89,383683;73,412602;68,514178;64,968374;
RSearch-w-NC(Unit,x,No);1.854,861636;866,892332;609,114851;481,377372;399,075549;324,353269;
RSearch-w-NC(Unit,x,Unit);307,444629;74,408405;38,142345;24,413586;17,662671;13,646265;
RSearch-w-NC(Unit,x,Pmin);1.854,861636;866,892332;609,114851;481,377372;399,075549;324,353269;
RSearch-w-NC(Unit,x,Dmin);2.183,942656;876,369856;621,524958;463,061229;371,847524;307,681879;
RSearch-w-NC(Pmin,x,No);1.302,557735;501,719489;278,884489;198,777119;123,653612;107,024450;
RSearch-w-NC(Pmin,x,Unit);282,283069;87,027941;57,402175;45,022676;39,986090;37,516710;
RSearch-w-NC(Pmin,x,Pmin);1.302,655851;490,327843;302,890295;162,732115;144,392236;118,866134;
RSearch-w-NC(Pmin,x,Dmin);315,040339;110,986491;89,383683;73,412602;68,514178;64,968374;
RSearch-w-NC(Dmin,x,No);1.547,325996;576,842970;271,280323;152,855478;100,406769;90,593002;
RSearch-w-NC(Dmin,x,Unit);282,283069;87,027941;57,402175;45,022676;39,986090;37,516710;
RSearch-w-NC(Dmin,x,Pmin);1.547,325996;576,842970;271,280323;152,855478;100,406769;90,593002;
RSearch-w-NC(Dmin,x,Dmin);427,532058;108,314606;62,106586;49,565752;44,514602;42,203430;
RSearch-w-Vaw(No,+,No);203,798239;100,016875;75,056996;60,687086;48,713100;45,246590;
RSearch-w-Vaw(No,+,Unit);2.183,938095;876,463249;612,426572;453,994270;314,691402;239,179763;
RSearch-w-Vaw(No,+,Pmin);1.548,578376;674,872950;403,609933;313,139759;242,713621;167,343227;
RSearch-w-Vaw(No,+,Dmin);203,798239;100,016875;75,056996;60,687086;48,713100;45,246590;
RSearch-w-Vaw(Unit,+,No);204,168502;103,184071;76,792698;63,580349;53,019765;50,535781;
RSearch-w-Vaw(Unit,+,Unit);2.211,927032;916,897234;573,942048;285,507239;267,691919;42,001733;
RSearch-w-Vaw(Unit,+,Pmin);1.186,076941;575,619173;412,954014;291,357107;262,688197;246,403937;
RSearch-w-Vaw(Unit,+,Dmin);204,168502;103,184071;76,792698;63,580349;53,019765;50,535781;
RSearch-w-Vaw(Pmin,+,No);204,168502;102,004942;76,073644;64,431670;55,477739;51,029143;
RSearch-w-Vaw(Pmin,+,Unit);2.139,515277;797,678751;565,180564;329,334264;177,790276;89,304817;
RSearch-w-Vaw(Pmin,+,Pmin);1.206,061426;532,660367;342,199589;275,019732;218,267415;165,642730;
RSearch-w-Vaw(Pmin,+,Dmin);204,168502;102,004942;76,073644;64,431670;55,477739;51,029143;
RSearch-w-Vaw(Dmin,+,No);203,798239;100,016875;75,056996;60,687086;48,713100;45,246590;
RSearch-w-Vaw(Dmin,+,Unit);2.183,938095;876,463249;612,426572;453,994270;314,691402;239,179763;
RSearch-w-Vaw(Dmin,+,Pmin);1.548,578376;674,872950;420,687436;313,139759;242,713150;167,343227;
RSearch-w-Vaw(Dmin,+,Dmin);203,798239;100,016875;75,056996;60,687086;48,713100;45,246590;
RSearch-w-Vaw(No,x,No);1.278,136627;510,777459;332,885666;304,015160;202,619168;170,575417;
RSearch-w-Vaw(No,x,Unit);205,879198;104,091533;76,300777;63,385129;54,701174;48,754057;
RSearch-w-Vaw(No,x,Pmin);1.278,136627;534,388167;342,345373;302,627389;205,477795;170,574831;
RSearch-w-Vaw(No,x,Dmin);204,168502;102,004942;75,407964;64,464936;55,362320;51,443548;
RSearch-w-Vaw(Unit,x,No);1.854,648174;866,884992;609,109227;481,377531;399,072722;324,352206;
RSearch-w-Vaw(Unit,x,Unit);268,373913;61,125447;33,012189;22,291959;16,738794;13,421800;
RSearch-w-Vaw(Unit,x,Pmin);1.854,648174;866,884992;609,109227;481,377531;399,072722;324,352206;
RSearch-w-Vaw(Unit,x,Dmin);2.183,942655;876,369855;621,525140;463,061676;371,847522;307,682029;
RSearch-w-Vaw(Pmin,x,No);1.278,136627;510,771606;332,885666;304,015160;202,619168;170,575417;
RSearch-w-Vaw(Pmin,x,Unit);205,879198;104,091533;76,300777;63,385129;54,701174;48,754057;
RSearch-w-Vaw(Pmin,x,Pmin);1.278,136627;534,388167;342,345373;302,633519;210,557820;169,037770;
RSearch-w-Vaw(Pmin,x,Dmin);204,168502;102,004942;75,407964;64,464936;55,362320;51,443548;
RSearch-w-Vaw(Dmin,x,No);1.611,355466;656,647711;474,288323;337,103352;246,194660;217,347461;
RSearch-w-Vaw(Dmin,x,Unit);205,879198;104,091533;76,300777;63,385129;54,701174;48,754057;
RSearch-w-Vaw(Dmin,x,Pmin);1.611,355466;656,647711;474,288323;337,103352;246,194660;217,347461;
RSearch-w-Vaw(Dmin,x,Dmin);203,798239;100,981108;75,801209;62,593709;54,932513;50,024759;


QMI - StdDev
;1;4;7;10;13;16;
RSearch-NCount;2,062858;0,955663;1,043985;1,399768;1,027749;1,389450;
RSearch-Vaw;2,959161;0,665870;0,734950;0,454838;0,959899;0,910490;
RSearch-LRTA*-unit;2,575013;0,652421;0,152347;0,153778;0,123000;0,121372;
RSearch-Full-LRTA*;1,098792;0,516004;0,712128;0,340268;0,221861;0,198363;
RSearch-w-NC(No,+,No);1,398733;1,216808;0,794520;2,391461;2,258268;1,145583;
RSearch-w-NC(No,+,Unit);187,258810;64,475171;24,894901;62,523188;47,399158;67,244678;
RSearch-w-NC(No,+,Pmin);29,951396;32,067700;41,166079;10,302488;16,705966;8,417622;
RSearch-w-NC(No,+,Dmin);1,398733;1,216808;0,794520;2,391461;2,258268;1,145583;
RSearch-w-NC(Unit,+,No);2,185833;0,870149;1,353774;1,536231;1,289435;1,914138;
RSearch-w-NC(Unit,+,Unit);127,036113;106,610740;102,710426;56,235600;65,719871;45,103291;
RSearch-w-NC(Unit,+,Pmin);25,245589;32,641252;28,030529;93,409450;109,569334;83,392111;
RSearch-w-NC(Unit,+,Dmin);2,185833;0,870149;1,353774;1,536231;1,289435;1,914138;
RSearch-w-NC(Pmin,+,No);1,488134;1,235667;4,211826;7,131022;3,340901;2,604488;
RSearch-w-NC(Pmin,+,Unit);223,698023;90,350642;36,905411;54,948567;79,165724;33,688351;
RSearch-w-NC(Pmin,+,Pmin);45,411155;57,199745;33,091773;89,751958;42,292458;85,311948;
RSearch-w-NC(Pmin,+,Dmin);1,259512;0,928866;3,774538;7,481819;3,216252;2,305665;
RSearch-w-NC(Dmin,+,No);1,398733;1,216808;0,794520;2,391461;2,258268;1,145583;
RSearch-w-NC(Dmin,+,Unit);187,258810;64,475171;24,894901;62,523188;47,399158;67,244678;
RSearch-w-NC(Dmin,+,Pmin);29,815725;38,736573;42,027985;9,480107;18,800895;11,211195;
RSearch-w-NC(Dmin,+,Dmin);1,398733;1,216808;0,794520;2,391461;2,258268;1,145583;
RSearch-w-NC(No,x,No);35,485946;14,591708;27,798178;66,576538;50,550709;28,102644;
RSearch-w-NC(No,x,Unit);1,378183;1,306454;0,848960;1,447560;0,846700;1,750765;
RSearch-w-NC(No,x,Pmin);50,538621;41,154437;55,982551;43,469516;47,657022;55,733673;
RSearch-w-NC(No,x,Dmin);1,371340;2,377430;6,323828;1,839036;6,557574;2,443923;
RSearch-w-NC(Unit,x,No);0,570300;69,035674;34,321737;22,210790;23,222014;17,919839;
RSearch-w-NC(Unit,x,Unit);1,905490;0,535428;0,171298;0,183750;0,069261;0,046356;
RSearch-w-NC(Unit,x,Pmin);0,570300;69,035674;34,321737;22,210790;23,222014;17,919839;
RSearch-w-NC(Unit,x,Dmin);199,369750;55,938890;22,525210;27,719361;16,860664;14,061032;
RSearch-w-NC(Pmin,x,No);37,094685;20,544606;31,691365;56,463539;44,119742;45,835298;
RSearch-w-NC(Pmin,x,Unit);1,378183;1,306454;0,848960;1,447560;0,846700;1,750765;
RSearch-w-NC(Pmin,x,Pmin);36,432812;23,314553;53,476904;96,141087;34,674250;77,178450;
RSearch-w-NC(Pmin,x,Dmin);1,371340;2,377430;6,323828;1,839036;6,557574;2,443923;
RSearch-w-NC(Dmin,x,No);40,173877;45,896513;19,106822;72,114667;49,277671;69,295430;
RSearch-w-NC(Dmin,x,Unit);1,378183;1,306454;0,848960;1,447560;0,846700;1,750765;
RSearch-w-NC(Dmin,x,Pmin);40,173877;45,896513;19,106822;72,114667;49,277671;69,295430;
RSearch-w-NC(Dmin,x,Dmin);5,928371;1,834540;2,284628;2,560599;0,433641;2,347813;
RSearch-w-Vaw(No,+,No);1,689845;1,181691;0,965109;3,679599;5,981431;5,771508;
RSearch-w-Vaw(No,+,Unit);199,369542;56,019356;28,094420;40,196686;34,422346;13,063271;
RSearch-w-Vaw(No,+,Pmin);54,642699;57,221833;49,082670;24,412388;23,986196;18,867660;
RSearch-w-Vaw(No,+,Dmin);1,689845;1,181691;0,965109;3,679599;5,981431;5,771508;
RSearch-w-Vaw(Unit,+,No);1,831310;4,613708;0,603029;0,420437;6,108759;1,509083;
RSearch-w-Vaw(Unit,+,Unit);156,368974;71,636556;74,660506;46,938715;43,512140;60,900930;
RSearch-w-Vaw(Unit,+,Pmin);53,195417;19,928359;24,994656;13,536892;14,194842;22,940999;
RSearch-w-Vaw(Unit,+,Dmin);1,831310;4,613708;0,603029;0,420437;6,108759;1,509083;
RSearch-w-Vaw(Pmin,+,No);1,831310;1,759887;0,854794;0,627861;0,462627;0,784119;
RSearch-w-Vaw(Pmin,+,Unit);206,140627;93,984509;41,180070;58,112062;83,759571;96,341555;
RSearch-w-Vaw(Pmin,+,Pmin);51,238272;33,721802;22,577596;10,772227;15,426882;30,984852;
RSearch-w-Vaw(Pmin,+,Dmin);1,831310;1,759887;0,854794;0,627861;0,462627;0,784119;
RSearch-w-Vaw(Dmin,+,No);1,689845;1,181691;0,965109;3,679599;5,981431;5,771508;
RSearch-w-Vaw(Dmin,+,Unit);199,369542;56,019356;28,094420;40,196686;34,422346;13,063271;
RSearch-w-Vaw(Dmin,+,Pmin);54,642699;57,221833;45,336572;24,412388;23,986290;18,867660;
RSearch-w-Vaw(Dmin,+,Dmin);1,689845;1,181691;0,965109;3,679599;5,981431;5,771508;
RSearch-w-Vaw(No,x,No);83,076177;47,433924;16,432287;26,819710;47,812601;31,539627;
RSearch-w-Vaw(No,x,Unit);5,011951;2,241002;1,071281;0,986130;1,398295;1,905803;
RSearch-w-Vaw(No,x,Pmin);83,076177;47,967225;12,456426;26,131704;47,953102;31,540211;
RSearch-w-Vaw(No,x,Dmin);1,831310;1,759887;1,402117;0,777006;0,357492;0,751166;
RSearch-w-Vaw(Unit,x,No);0,645274;69,032891;34,327769;22,210637;23,218676;17,920229;
RSearch-w-Vaw(Unit,x,Unit);7,922934;0,217152;0,138552;0,037693;0,044119;0,044713;
RSearch-w-Vaw(Unit,x,Pmin);0,645274;69,032891;34,327769;22,210637;23,218676;17,920229;
RSearch-w-Vaw(Unit,x,Dmin);199,369749;55,938888;22,525521;27,719559;16,860665;14,061323;
RSearch-w-Vaw(Pmin,x,No);83,076177;47,439691;16,432287;26,819710;47,812601;31,539627;
RSearch-w-Vaw(Pmin,x,Unit);5,011951;2,241002;1,071281;0,986130;1,398295;1,905803;
RSearch-w-Vaw(Pmin,x,Pmin);83,076177;47,967225;12,456426;26,127135;48,500186;29,617250;
RSearch-w-Vaw(Pmin,x,Dmin);1,831310;1,759887;1,402117;0,777006;0,357492;0,751166;
RSearch-w-Vaw(Dmin,x,No);89,259569;33,091366;56,917229;40,759122;25,248108;27,218552;
RSearch-w-Vaw(Dmin,x,Unit);5,011951;2,241002;1,071281;0,986130;1,398295;1,905803;
RSearch-w-Vaw(Dmin,x,Pmin);89,259569;33,091366;56,917229;40,759122;25,248108;27,218552;
RSearch-w-Vaw(Dmin,x,Dmin);1,689845;1,653135;2,136167;0,515324;1,629260;1,096986;


SDF - Mean
;1;4;7;10;13;16;
RSearch-NCount;0,000049;0,000127;0,000183;0,000256;0,000343;0,000438;
RSearch-Vaw;0,001146;0,004587;0,007731;0,011137;0,014465;0,017277;
RSearch-LRTA*-unit;0,000699;0,002888;0,005188;0,007512;0,009960;0,012251;
RSearch-Full-LRTA*;0,001400;0,005247;0,008802;0,012097;0,015596;0,018739;
RSearch-w-NC(No,+,No);0,000102;0,000118;0,000181;0,000277;0,000359;0,000488;
RSearch-w-NC(No,+,Unit);0,015295;0,048947;0,075243;0,075338;0,086039;0,070566;
RSearch-w-NC(No,+,Pmin);0,004489;0,013987;0,022282;0,020846;0,035106;0,040004;
RSearch-w-NC(No,+,Dmin);0,000102;0,000118;0,000181;0,000277;0,000359;0,000488;
RSearch-w-NC(Unit,+,No);0,000047;0,000106;0,000164;0,000248;0,000371;0,000466;
RSearch-w-NC(Unit,+,Unit);0,015501;0,028017;0,039386;0,046041;0,069042;0,054440;
RSearch-w-NC(Unit,+,Pmin);0,001791;0,005910;0,009951;0,015439;0,025194;0,024654;
RSearch-w-NC(Unit,+,Dmin);0,000047;0,000106;0,000164;0,000248;0,000371;0,000466;
RSearch-w-NC(Pmin,+,No);0,000068;0,000146;0,000290;0,000431;0,000631;0,000748;
RSearch-w-NC(Pmin,+,Unit);0,011294;0,022816;0,039304;0,037763;0,041944;0,052141;
RSearch-w-NC(Pmin,+,Pmin);0,002191;0,008110;0,014261;0,019249;0,027888;0,030480;
RSearch-w-NC(Pmin,+,Dmin);0,000060;0,000142;0,000319;0,000383;0,000600;0,000762;
RSearch-w-NC(Dmin,+,No);0,000102;0,000118;0,000181;0,000277;0,000359;0,000488;
RSearch-w-NC(Dmin,+,Unit);0,015295;0,048947;0,075243;0,075338;0,086039;0,070566;
RSearch-w-NC(Dmin,+,Pmin);0,004494;0,014142;0,022161;0,020609;0,035111;0,039895;
RSearch-w-NC(Dmin,+,Dmin);0,000102;0,000118;0,000181;0,000277;0,000359;0,000488;
RSearch-w-NC(No,x,No);0,002385;0,008265;0,013011;0,020927;0,023384;0,028614;
RSearch-w-NC(No,x,Unit);0,000052;0,000104;0,000167;0,000212;0,000336;0,000414;
RSearch-w-NC(No,x,Pmin);0,002428;0,007763;0,016147;0,020895;0,027316;0,037442;
RSearch-w-NC(No,x,Dmin);0,000051;0,000146;0,000294;0,000380;0,000543;0,000772;
RSearch-w-NC(Unit,x,No);0,023854;0,065503;0,091015;0,091275;0,150180;0,136799;
RSearch-w-NC(Unit,x,Unit);0,000635;0,002881;0,005237;0,007566;0,009927;0,012371;
RSearch-w-NC(Unit,x,Pmin);0,023854;0,065503;0,091015;0,091275;0,150180;0,136799;
RSearch-w-NC(Unit,x,Dmin);0,016995;0,053453;0,088106;0,091066;0,146304;0,141969;
RSearch-w-NC(Pmin,x,No);0,002492;0,008545;0,013620;0,020443;0,022786;0,027693;
RSearch-w-NC(Pmin,x,Unit);0,000052;0,000104;0,000167;0,000212;0,000336;0,000414;
RSearch-w-NC(Pmin,x,Pmin);0,002488;0,007654;0,014617;0,016790;0,028219;0,035734;
RSearch-w-NC(Pmin,x,Dmin);0,000051;0,000146;0,000294;0,000380;0,000543;0,000772;
RSearch-w-NC(Dmin,x,No);0,005253;0,013126;0,015087;0,025605;0,044385;0,060556;
RSearch-w-NC(Dmin,x,Unit);0,000052;0,000104;0,000167;0,000212;0,000336;0,000414;
RSearch-w-NC(Dmin,x,Pmin);0,005253;0,013126;0,015087;0,025605;0,044385;0,060556;
RSearch-w-NC(Dmin,x,Dmin);0,000091;0,000122;0,000178;0,000230;0,000351;0,000434;
RSearch-w-Vaw(No,+,No);0,001142;0,004459;0,007622;0,010474;0,013480;0,016318;
RSearch-w-Vaw(No,+,Unit);0,016994;0,052514;0,084836;0,090688;0,096951;0,100284;
RSearch-w-Vaw(No,+,Pmin);0,014902;0,076408;0,057586;0,091643;0,129075;0,129065;
RSearch-w-Vaw(No,+,Dmin);0,001142;0,004459;0,007622;0,010474;0,013480;0,016318;
RSearch-w-Vaw(Unit,+,No);0,001149;0,004808;0,007962;0,011268;0,015218;0,017684;
RSearch-w-Vaw(Unit,+,Unit);0,014877;0,027582;0,041075;0,037156;0,047884;0,046549;
RSearch-w-Vaw(Unit,+,Pmin);0,008658;0,033901;0,064915;0,078981;0,094274;0,156638;
RSearch-w-Vaw(Unit,+,Dmin);0,001149;0,004808;0,007962;0,011268;0,015218;0,017684;
RSearch-w-Vaw(Pmin,+,No);0,001149;0,004673;0,007986;0,011362;0,014950;0,017929;
RSearch-w-Vaw(Pmin,+,Unit);0,011425;0,024937;0,037761;0,042262;0,043010;0,043067;
RSearch-w-Vaw(Pmin,+,Pmin);0,020199;0,066361;0,087819;0,095841;0,151531;0,157344;
RSearch-w-Vaw(Pmin,+,Dmin);0,001149;0,004673;0,007986;0,011362;0,014950;0,017929;
RSearch-w-Vaw(Dmin,+,No);0,001142;0,004459;0,007622;0,010474;0,013480;0,016318;
RSearch-w-Vaw(Dmin,+,Unit);0,016994;0,052514;0,084836;0,090688;0,096951;0,100284;
RSearch-w-Vaw(Dmin,+,Pmin);0,014902;0,076408;0,059470;0,091643;0,129073;0,129065;
RSearch-w-Vaw(Dmin,+,Dmin);0,001142;0,004459;0,007622;0,010474;0,013480;0,016318;
RSearch-w-Vaw(No,x,No);0,017270;0,061427;0,100895;0,115134;0,123931;0,175174;
RSearch-w-Vaw(No,x,Unit);0,001204;0,004667;0,007788;0,011103;0,013763;0,016939;
RSearch-w-Vaw(No,x,Pmin);0,017270;0,066260;0,096029;0,112331;0,124443;0,175174;
RSearch-w-Vaw(No,x,Dmin);0,001149;0,004673;0,008023;0,011250;0,014807;0,018195;
RSearch-w-Vaw(Unit,x,No);0,023837;0,065588;0,091136;0,091687;0,150333;0,137137;
RSearch-w-Vaw(Unit,x,Unit);0,001974;0,007225;0,011885;0,016222;0,019861;0,023831;
RSearch-w-Vaw(Unit,x,Pmin);0,023837;0,065588;0,091136;0,091687;0,150333;0,137137;
RSearch-w-Vaw(Unit,x,Dmin);0,016995;0,053576;0,088189;0,091351;0,146366;0,142120;
RSearch-w-Vaw(Pmin,x,No);0,017270;0,061429;0,100895;0,115134;0,123931;0,175174;
RSearch-w-Vaw(Pmin,x,Unit);0,001204;0,004667;0,007788;0,011103;0,013763;0,016939;
RSearch-w-Vaw(Pmin,x,Pmin);0,017270;0,066260;0,096029;0,112331;0,124339;0,190664;
RSearch-w-Vaw(Pmin,x,Dmin);0,001149;0,004673;0,008023;0,011250;0,014807;0,018195;
RSearch-w-Vaw(Dmin,x,No);0,025067;0,043087;0,072020;0,087541;0,118658;0,149551;
RSearch-w-Vaw(Dmin,x,Unit);0,001204;0,004667;0,007788;0,011103;0,013763;0,016939;
RSearch-w-Vaw(Dmin,x,Pmin);0,025067;0,043087;0,072020;0,087541;0,118658;0,149551;
RSearch-w-Vaw(Dmin,x,Dmin);0,001142;0,004631;0,008129;0,010974;0,013649;0,017932;


SDF - StdDev
;1;4;7;10;13;16;
RSearch-NCount;0,000003;0,000012;0,000020;0,000040;0,000039;0,000052;
RSearch-Vaw;0,000012;0,000074;0,000362;0,000047;0,000439;0,000899;
RSearch-LRTA*-unit;0,000008;0,000043;0,000037;0,000027;0,000120;0,000061;
RSearch-Full-LRTA*;0,000010;0,000122;0,000142;0,000144;0,000076;0,000137;
RSearch-w-NC(No,+,No);0,000016;0,000002;0,000012;0,000042;0,000054;0,000047;
RSearch-w-NC(No,+,Unit);0,001518;0,006541;0,019048;0,012284;0,019953;0,017326;
RSearch-w-NC(No,+,Pmin);0,001125;0,000896;0,004203;0,002635;0,001811;0,005588;
RSearch-w-NC(No,+,Dmin);0,000016;0,000002;0,000012;0,000042;0,000054;0,000047;
RSearch-w-NC(Unit,+,No);0,000004;0,000008;0,000010;0,000025;0,000031;0,000058;
RSearch-w-NC(Unit,+,Unit);0,001584;0,005656;0,006377;0,007637;0,017773;0,004239;
RSearch-w-NC(Unit,+,Pmin);0,000396;0,000522;0,001452;0,002630;0,012298;0,006922;
RSearch-w-NC(Unit,+,Dmin);0,000004;0,000008;0,000010;0,000025;0,000031;0,000058;
RSearch-w-NC(Pmin,+,No);0,000009;0,000015;0,000032;0,000042;0,000081;0,000065;
RSearch-w-NC(Pmin,+,Unit);0,001854;0,003368;0,002436;0,005761;0,007197;0,013803;
RSearch-w-NC(Pmin,+,Pmin);0,000774;0,002973;0,003528;0,005131;0,004076;0,005583;
RSearch-w-NC(Pmin,+,Dmin);0,000002;0,000012;0,000018;0,000029;0,000088;0,000059;
RSearch-w-NC(Dmin,+,No);0,000016;0,000002;0,000012;0,000042;0,000054;0,000047;
RSearch-w-NC(Dmin,+,Unit);0,001518;0,006541;0,019048;0,012284;0,019953;0,017326;
RSearch-w-NC(Dmin,+,Pmin);0,001127;0,001038;0,004135;0,002112;0,001808;0,005674;
RSearch-w-NC(Dmin,+,Dmin);0,000016;0,000002;0,000012;0,000042;0,000054;0,000047;
RSearch-w-NC(No,x,No);0,000532;0,001982;0,003248;0,004102;0,002264;0,004494;
RSearch-w-NC(No,x,Unit);0,000005;0,000009;0,000025;0,000016;0,000039;0,000020;
RSearch-w-NC(No,x,Pmin);0,000583;0,001800;0,002216;0,004950;0,007059;0,011165;
RSearch-w-NC(No,x,Dmin);0,000004;0,000009;0,000033;0,000049;0,000090;0,000103;
RSearch-w-NC(Unit,x,No);0,000031;0,020083;0,036063;0,010965;0,027818;0,021874;
RSearch-w-NC(Unit,x,Unit);0,000011;0,000013;0,000020;0,000031;0,000029;0,000038;
RSearch-w-NC(Unit,x,Pmin);0,000031;0,020083;0,036063;0,010965;0,027818;0,021874;
RSearch-w-NC(Unit,x,Dmin);0,003786;0,007313;0,020817;0,012400;0,036202;0,021209;
RSearch-w-NC(Pmin,x,No);0,000523;0,002132;0,002810;0,003901;0,002306;0,004281;
RSearch-w-NC(Pmin,x,Unit);0,000005;0,000009;0,000025;0,000016;0,000039;0,000020;
RSearch-w-NC(Pmin,x,Pmin);0,000520;0,001590;0,001402;0,003675;0,007038;0,008350;
RSearch-w-NC(Pmin,x,Dmin);0,000004;0,000009;0,000033;0,000049;0,000090;0,000103;
RSearch-w-NC(Dmin,x,No);0,001066;0,002757;0,001219;0,004390;0,008845;0,007572;
RSearch-w-NC(Dmin,x,Unit);0,000005;0,000009;0,000025;0,000016;0,000039;0,000020;
RSearch-w-NC(Dmin,x,Pmin);0,001066;0,002757;0,001219;0,004390;0,008845;0,007572;
RSearch-w-NC(Dmin,x,Dmin);0,000005;0,000017;0,000020;0,000031;0,000035;0,000037;
RSearch-w-Vaw(No,+,No);0,000007;0,000071;0,000262;0,000786;0,001697;0,002951;
RSearch-w-Vaw(No,+,Unit);0,003784;0,007145;0,020557;0,012313;0,017704;0,009215;
RSearch-w-Vaw(No,+,Pmin);0,002290;0,014326;0,011425;0,031160;0,026861;0,006944;
RSearch-w-Vaw(No,+,Dmin);0,000007;0,000071;0,000262;0,000786;0,001697;0,002951;
RSearch-w-Vaw(Unit,+,No);0,000012;0,000507;0,000161;0,000222;0,000312;0,000961;
RSearch-w-Vaw(Unit,+,Unit);0,001699;0,005390;0,007924;0,006436;0,011733;0,012449;
RSearch-w-Vaw(Unit,+,Pmin);0,001754;0,008598;0,012872;0,010844;0,016210;0,054199;
RSearch-w-Vaw(Unit,+,Dmin);0,000012;0,000507;0,000161;0,000222;0,000312;0,000961;
RSearch-w-Vaw(Pmin,+,No);0,000012;0,000106;0,000183;0,000323;0,000273;0,000338;
RSearch-w-Vaw(Pmin,+,Unit);0,001747;0,004490;0,004462;0,009006;0,008001;0,014555;
RSearch-w-Vaw(Pmin,+,Pmin);0,003755;0,019118;0,022098;0,019952;0,034458;0,019904;
RSearch-w-Vaw(Pmin,+,Dmin);0,000012;0,000106;0,000183;0,000323;0,000273;0,000338;
RSearch-w-Vaw(Dmin,+,No);0,000007;0,000071;0,000262;0,000786;0,001697;0,002951;
RSearch-w-Vaw(Dmin,+,Unit);0,003784;0,007145;0,020557;0,012313;0,017704;0,009215;
RSearch-w-Vaw(Dmin,+,Pmin);0,002290;0,014326;0,011290;0,031160;0,026861;0,006944;
RSearch-w-Vaw(Dmin,+,Dmin);0,000007;0,000071;0,000262;0,000786;0,001697;0,002951;
RSearch-w-Vaw(No,x,No);0,004432;0,018107;0,023530;0,043125;0,028208;0,037188;
RSearch-w-Vaw(No,x,Unit);0,000086;0,000040;0,000299;0,000398;0,000843;0,001126;
RSearch-w-Vaw(No,x,Pmin);0,004432;0,024414;0,025773;0,043161;0,027655;0,037188;
RSearch-w-Vaw(No,x,Dmin);0,000012;0,000106;0,000191;0,000177;0,000452;0,000726;
RSearch-w-Vaw(Unit,x,No);0,000021;0,019955;0,035926;0,010804;0,027731;0,021726;
RSearch-w-Vaw(Unit,x,Unit);0,000161;0,000167;0,000309;0,000197;0,000360;0,000626;
RSearch-w-Vaw(Unit,x,Pmin);0,000021;0,019955;0,035926;0,010804;0,027731;0,021726;
RSearch-w-Vaw(Unit,x,Dmin);0,003786;0,007098;0,020770;0,012272;0,036126;0,021154;
RSearch-w-Vaw(Pmin,x,No);0,004432;0,018105;0,023530;0,043125;0,028208;0,037188;
RSearch-w-Vaw(Pmin,x,Unit);0,000086;0,000040;0,000299;0,000398;0,000843;0,001126;
RSearch-w-Vaw(Pmin,x,Pmin);0,004432;0,024414;0,025773;0,043161;0,027512;0,045656;
RSearch-w-Vaw(Pmin,x,Dmin);0,000012;0,000106;0,000191;0,000177;0,000452;0,000726;
RSearch-w-Vaw(Dmin,x,No);0,003199;0,011928;0,016664;0,025530;0,025093;0,041018;
RSearch-w-Vaw(Dmin,x,Unit);0,000086;0,000040;0,000299;0,000398;0,000843;0,001126;
RSearch-w-Vaw(Dmin,x,Pmin);0,003199;0,011928;0,016664;0,025530;0,025093;0,041018;
RSearch-w-Vaw(Dmin,x,Dmin);0,000007;0,000111;0,000828;0,000398;0,000718;0,000224;


